1,mataperson
2,mataorg
3,say
4,matadate
5,matagpe
6,matacardinal
7,bbc
8,people
9,would
10,follow
11,story
12,facebook
13,instagram
14,send
15,co
16,art
17,uk
18,idea
19,matawork
20,work
21,also
22,take
23,get
24,mr
25,make
26,go
27,service
28,find
29,add
30,matanorp
31,police
32,south
33,time
34,n
35,council
36,matafac
37,matatime
38,matamoney
39,new
40,use
41,need
42,help
43,newsonline
44,mataloc
45,could
46,see
47,include
48,west
49,home
50,tell
51,plan
52,support
53,come
54,local
55,mataproduct
56,family
57,child
58,part
59,area
60,place
61,want
62,call
63,life
64,community
65,water
66,give
67,school
68,know
69,report
70,first
71,run
72,like
73,think
74,government
75,staff
76,officer
77,care
78,across
79,u
80,site
81,change
82,back
83,look
84,really
85,due
86,road
87,well
88,man
89,public
90,one
91,cost
92,leave
93,since
94,live
95,woman
96,show
97,close
98,email
99,issue
100,pay
101,way
102,member
103,hospital
104,start
105,resident
106,matapercent
107,many
108,force
109,put
110,group
111,good
112,provide
113,east
114,set
115,number
116,health
117,die
118,news
119,continue
120,project
121,near
122,company
123,midland
124,ask
125,centre
126,open
127,town
128,westmidlands
129,patient
130,build
131,car
132,still
133,event
134,long
135,charity
136,bristol
137,around
138,scheme
139,concern
140,team
141,charge
142,high
143,raise
144,death
145,business
146,move
147,increase
148,incident
149,mean
150,receive
151,able
152,much
153,keep
154,money
155,building
156,fire
157,case
158,cause
159,expect
160,lot
161,trust
162,become
163,impact
164,authority
165,feel
166,remain
167,england
168,thing
169,try
170,city
171,bring
172,suggestion
173,happen
174,young
175,lead
176,court
177,action
178,county
179,level
180,risk
181,face
182,arrest
183,offer
184,hold
185,meet
186,drive
187,big
188,future
189,lose
190,carry
191,decision
192,improve
193,involve
194,believe
195,describe
196,councillor
197,spokesperson
198,victim
199,country
200,another
201,day
202,create
203,hear
204,base
205,previously
206,world
207,line
208,bus
209,vehicle
210,park
211,affect
212,age
213,former
214,train
215,investigation
216,rise
217,right
218,stop
219,mp
220,condition
221,house
222,friend
223,may
224,driver
225,end
226,chief
227,experience
228,without
229,great
230,funding
231,however
232,allow
233,trial
234,begin
235,term
236,station
237,social
238,leader
239,statement
240,head
241,large
242,strike
243,information
244,important
245,complete
246,safety
247,challenge
248,never
249,something
250,away
251,ambulance
252,speak
253,director
254,energy
255,parent
256,result
257,injury
258,route
259,meeting
260,travel
261,always
262,contact
263,love
264,accord
265,student
266,anyone
267,problem
268,food
269,emergency
270,fund
271,access
272,visit
273,mental
274,review
275,transport
276,claim
277,ensure
278,reduce
279,job
280,play
281,already
282,even
283,forward
284,mother
285,traffic
286,wait
287,turn
288,release
289,full
290,serious
291,bird
292,record
293,significant
294,attend
295,return
296,space
297,hard
298,hit
299,within
300,safe
301,order
302,customer
303,deliver
304,development
305,murder
306,currently
307,crash
308,system
309,every
310,along
311,spend
312,street
313,far
314,hop
315,river
316,cut
317,firm
318,delay
319,property
320,share
321,mile
322,ca
323,power
324,person
325,quite
326,farm
327,outside
328,sentence
329,appear
330,low
331,everyone
332,yorkslincs
333,consider
334,crime
335,small
336,name
337,scene
338,housing
339,later
340,different
341,possible
342,animal
343,supply
344,point
345,village
346,difficult
347,suffer
348,comment
349,club
350,together
351,walk
352,opportunity
353,struggle
354,proposal
355,damage
356,worker
357,land
358,last
359,process
360,grow
361,hand
362,best
363,confirm
364,owner
365,men
366,enough
367,closure
368,programme
369,sign
370,dog
371,deal
372,talk
373,boy
374,protect
375,control
376,cover
377,miss
378,break
379,appeal
380,body
381,offence
382,next
383,aim
384,others
385,serve
386,free
387,urge
388,bad
389,improvement
390,judge
391,special
392,year
393,treatment
394,national
395,second
396,pressure
397,campaign
398,address
399,grant
400,understand
401,announce
402,despite
403,remove
404,attack
405,manage
406,everything
407,felt
408,save
409,passenger
410,son
411,must
412,region
413,kill
414,guilty
415,manager
416,measure
417,design
418,pandemic
419,party
420,response
421,demand
422,late
423,award
424,abuse
425,moment
426,shop
427,whether
428,admit
429,situation
430,post
431,little
432,fail
433,sexual
434,weather
435,executive
436,daughter
437,huge
438,girl
439,state
440,hope
441,bit
442,evidence
443,ahead
444,launch
445,clear
446,act
447,among
448,step
449,festival
450,join
451,vote
452,planning
453,cabinet
454,volunteer
455,identify
456,ever
457,buy
458,flood
459,target
460,bill
461,benefit
462,crew
463,several
464,learn
465,approach
466,reach
467,minister
468,write
469,whole
470,extra
471,old
472,facility
473,consultation
474,available
475,light
476,saw
477,stay
478,period
479,behaviour
480,decide
481,partner
482,quality
483,operation
484,treat
485,win
486,investigate
487,letter
488,propose
489,assault
490,might
491,towards
492,current
493,agree
494,rescue
495,warn
496,organisation
497,require
498,often
499,explain
500,major
501,activity
502,list
503,amount
504,early
505,air
506,sell
507,drug
508,main
509,operate
510,ground
511,price
512,application
513,airport
514,training
515,message
516,recognise
517,father
518,journey
519,develop
520,sure
521,heard
522,someone
523,environment
524,km
525,heart
526,short
527,teacher
528,unit
529,commit
530,stand
531,date
532,bst
533,real
534,approve
535,war
536,seat
537,location
538,cancer
539,plant
540,investment
541,role
542,education
543,option
544,fall
545,course
546,climate
547,medium
548,jail
549,repair
550,figure
551,suspicion
552,research
553,final
554,feature
555,hearing
556,behind
557,view
558,railway
559,check
560,independent
561,colleague
562,stage
563,rail
564,pub
565,witness
566,sport
567,test
568,secretary
569,enjoy
570,phone
571,form
572,link
573,online
574,wildlife
575,room
576,watch
577,music
578,touch
579,let
580,tree
581,introduce
582,network
583,bridge
584,dr
585,fear
586,welcome
587,represent
588,reopen
589,living
590,deny
591,book
592,replace
593,loss
594,arrive
595,medical
596,crisis
597,data
598,top
599,side
600,eastofenglandnews
601,harm
602,potential
603,absolutely
604,football
605,anything
606,disruption
607,dead
608,bed
609,waste
610,via
611,visitor
612,count
613,financial
614,detail
615,fully
616,policy
617,x
618,focus
619,thank
620,wife
621,history
622,shut
623,pass
624,tackle
625,sit
626,respond
627,ban
628,green
629,present
630,encourage
631,question
632,positive
633,doctor
634,although
635,inspector
636,board
637,particularly
638,accept
639,yet
640,exist
641,notice
642,garden
643,track
644,pupil
645,sewage
646,door
647,farmer
648,husband
649,speed
650,prevent
651,total
652,apologise
653,private
654,lack
655,less
656,field
657,standard
658,college
659,likely
660,vulnerable
661,footage
662,quickly
663,thames
664,secure
665,recently
666,limit
667,nurse
668,alternative
669,matter
670,fly
671,display
672,nature
673,kind
674,nothing
675,extremely
676,baby
677,picture
678,mark
679,game
680,church
681,item
682,celebrate
683,chair
684,adult
685,rural
686,gloucestershire
687,mayor
688,office
689,additional
690,university
691,knife
692,museum
693,soon
694,aware
695,specialist
696,committee
697,gas
698,seek
699,dangerous
700,unable
701,bank
702,heat
703,industry
704,union
705,apply
706,collision
707,publish
708,reveal
709,infrastructure
710,inspection
711,similar
712,injure
713,king
714,warning
715,finish
716,panel
717,protest
718,prison
719,legal
720,value
721,actually
722,alongside
723,worry
724,reporting
725,proud
726,democracy
727,individual
728,reason
729,priority
730,key
731,please
732,budget
733,discover
734,image
735,suggest
736,bear
737,operator
738,equipment
739,range
740,junction
741,recent
742,inquest
743,read
744,rule
745,spokesman
746,drop
747,study
748,custody
749,longer
750,film
751,chance
752,practice
753,survey
754,market
755,plead
756,match
757,discharge
758,website
759,position
760,teenager
761,conservative
762,accuse
763,nearby
764,self
765,mum
766,population
767,video
768,account
769,hotel
770,defendant
771,section
772,completely
773,tax
774,election
775,remember
776,seriously
777,host
778,strong
779,duty
780,effort
781,inquiry
782,law
783,coach
784,submit
785,hub
786,rather
787,race
788,brother
789,cancel
790,happy
791,pair
792,criminal
793,north
794,pick
795,average
796,throughout
797,single
798,highlight
799,resource
800,effect
801,progress
802,bid
803,previous
804,spot
805,general
806,restore
807,vital
808,electricity
809,series
810,stab
811,achieve
812,dry
813,solar
814,busy
815,advise
816,management
817,skill
818,disease
819,produce
820,avoid
821,organiser
822,cycle
823,memory
824,instead
825,drink
826,campaigner
827,flat
828,normal
829,estate
830,pc
831,responsible
832,historic
833,temperature
834,whose
835,amazing
836,collect
837,cross
838,jury
839,van
840,lorry
841,incredibly
842,search
843,interest
844,temporary
845,pilot
846,discuss
847,yorkshire
848,wind
849,store
850,career
851,especially
852,accommodation
853,majority
854,honour
855,professional
856,bail
857,attempt
858,fit
859,driving
860,solution
861,class
862,sector
863,disability
864,per
865,roof
866,ongoing
867,agency
868,easy
869,permission
870,wrong
871,difference
872,piece
873,choose
874,horse
875,steal
876,environmental
877,seem
878,prepare
879,round
880,wear
881,clean
882,invest
883,funeral
884,boat
885,technology
886,couple
887,contract
888,generation
889,fan
890,sale
891,instal
892,bike
893,relationship
894,non
895,ft
896,else
897,pollution
898,black
899,diagnose
900,trip
901,fight
902,venue
903,urgent
904,deputy
905,white
906,wild
907,ticket
908,firefighter
909,respect
910,connection
911,relate
912,district
913,request
914,justice
915,connect
916,answer
917,artist
918,gain
919,thought
920,sort
921,third
922,subject
923,front
924,engage
925,inspire
926,either
927,sustainable
928,probably
929,massive
930,advice
931,complaint
932,electric
933,fantastic
934,eat
935,monitor
936,player
937,fact
938,rest
939,source
940,confidence
941,licence
942,scale
943,th
944,fuel
945,overall
946,rate
947,critical
948,department
949,culture
950,senior
951,realise
952,zone
953,donation
954,neighbour
955,rare
956,recover
957,surgery
958,past
959,rain
960,worth
961,organise
962,ward
963,week
964,exhibition
965,hot
966,flight
967,boost
968,establish
969,allegation
970,maintain
971,capacity
972,window
973,push
974,queen
975,chairman
976,provider
977,original
978,delivery
979,type
980,session
981,initially
982,extend
983,sea
984,wider
985,poor
986,official
987,reflect
988,performance
989,fell
990,incredible
991,upgrade
992,paramedic
993,violence
994,star
995,originally
996,holiday
997,enter
998,conduct
999,catch
1000,personal
1001,suspend
1002,user
1003,enable
1004,wish
1005,complex
1006,night
1007,heavy
1008,material
1009,conclude
1010,collection
1011,barrier
1012,shock
1013,military
1014,heritage
1015,warm
1016,attract
1017,assess
1018,expert
1019,natural
1020,mind
1021,spread
1022,payment
1023,fix
1024,accident
1025,cash
1026,appropriate
1027,choice
1028,industrial
1029,highway
1030,blue
1031,listen
1032,wall
1033,nice
1034,perform
1035,size
1036,developer
1037,draw
1038,human
1039,camera
1040,carbon
1041,surround
1042,word
1043,prosecutor
1044,specie
1045,floor
1046,swim
1047,assessment
1048,responsibility
1049,construction
1050,block
1051,tribute
1052,inside
1053,shortage
1054,reserve
1055,sometimes
1056,engineer
1057,protection
1058,ride
1059,labour
1060,occasion
1061,compare
1062,tour
1063,disorder
1064,sex
1065,circumstance
1066,border
1067,inflation
1068,affected
1069,donate
1070,though
1071,afford
1072,eye
1073,stretch
1074,red
1075,sense
1076,offender
1077,emission
1078,household
1079,restaurant
1080,multiple
1081,fee
1082,offshore
1083,contain
1084,rape
1085,awareness
1086,economy
1087,earlier
1088,pipe
1089,pain
1090,collapse
1091,appointment
1092,express
1093,sorry
1094,commissioner
1095,pool
1096,almost
1097,refer
1098,aid
1099,wellbeing
1100,promise
1101,determine
1102,reservoir
1103,sister
1104,hospice
1105,flu
1106,everybody
1107,failure
1108,box
1109,product
1110,wide
1111,trade
1112,threaten
1113,document
1114,alone
1115,essential
1116,expand
1117,estimate
1118,declare
1119,refuse
1120,success
1121,threat
1122,parking
1123,structure
1124,inform
1125,constituency
1126,wonderful
1127,female
1128,example
1129,pull
1130,suspect
1131,sir
1132,contribute
1133,direct
1134,prime
1135,strategy
1136,commitment
1137,rent
1138,throw
1139,landscape
1140,wiltshire
1141,leg
1142,phase
1143,band
1144,physical
1145,register
1146,teach
1147,double
1148,roundabout
1149,restriction
1150,fine
1151,separate
1152,convict
1153,cyclist
1154,note
1155,lockdown
1156,two
1157,potentially
1158,assist
1159,breach
1160,concrete
1161,science
1162,shortly
1163,conservation
1164,regard
1165,primary
1166,e
1167,leak
1168,tv
1169,ready
1170,recommendation
1171,severe
1172,necessary
1173,regional
1174,commercial
1175,successful
1176,survive
1177,page
1178,lane
1179,commission
1180,finding
1181,initiative
1182,obviously
1183,economic
1184,theft
1185,security
1186,outcome
1187,initial
1188,dad
1189,constable
1190,lift
1191,library
1192,bar
1193,sad
1194,domestic
1195,whilst
1196,dress
1197,extreme
1198,carers
1199,valley
1200,meal
1201,refugee
1202,implement
1203,suffolk
1204,covid
1205,brain
1206,reject
1207,lesson
1208,weapon
1209,alert
1210,announcement
1211,common
1212,branch
1213,anti
1214,gather
1215,closely
1216,eventually
1217,roll
1218,fill
1219,oppose
1220,youth
1221,aircraft
1222,anniversary
1223,clearly
1224,deeply
1225,hour
1226,acre
1227,generate
1228,wound
1229,regularly
1230,model
1231,leisure
1232,directly
1233,coast
1234,mph
1235,rat
1236,fish
1237,acknowledge
1238,pet
1239,ltns
1240,grateful
1241,recruit
1242,arm
1243,stick
1244,provision
1245,danger
1246,infection
1247,allege
1248,clinical
1249,meanwhile
1250,update
1251,fraud
1252,interview
1253,direction
1254,status
1255,possession
1256,immediate
1257,safely
1258,plane
1259,resolve
1260,petition
1261,welfare
1262,pleased
1263,stress
1264,wo
1265,birthday
1266,cycling
1267,tough
1268,filter
1269,growth
1270,hall
1271,blood
1272,fast
1273,competition
1274,carriageway
1275,liberal
1276,safeguard
1277,feeling
1278,ring
1279,regular
1280,photo
1281,affordable
1282,simply
1283,deep
1284,flooding
1285,found
1286,lovely
1287,ceremony
1288,partnership
1289,beyond
1290,difficulty
1291,hmrc
1292,keen
1293,residential
1294,dispute
1295,explore
1296,basis
1297,client
1298,net
1299,ice
1300,unacceptable
1301,society
1302,assistant
1303,leadership
1304,pretty
1305,veteran
1306,auction
1307,path
1308,decline
1309,permanent
1310,pre
1311,ill
1312,promote
1313,central
1314,wheelchair
1315,beautiful
1316,popular
1317,shift
1318,criticise
1319,behalf
1320,devastate
1321,blaze
1322,object
1323,burst
1324,rely
1325,international
1326,homeless
1327,pump
1328,employee
1329,essex
1330,lord
1331,examination
1332,elsewhere
1333,kitchen
1334,schedule
1335,congestion
1336,inadequate
1337,various
1338,unique
1339,disabled
1340,card
1341,kid
1342,coroner
1343,definitely
1344,colour
1345,maintenance
1346,cold
1347,properly
1348,pound
1349,guidance
1350,invite
1351,language
1352,crowd
1353,destroy
1354,threatening
1355,twice
1356,cinema
1357,bedroom
1358,flow
1359,pedestrian
1360,sound
1361,crop
1362,scientist
1363,supporter
1364,suitable
1365,illness
1366,finance
1367,production
1368,unfortunately
1369,foot
1370,lay
1371,bag
1372,emotional
1373,transfer
1374,confident
1375,distress
1376,lie
1377,true
1378,fun
1379,debate
1380,particular
1381,peak
1382,prove
1383,welsh
1384,consent
1385,celebration
1386,significantly
1387,communication
1388,premise
1389,engineering
1390,variety
1391,ability
1392,marathon
1393,conversation
1394,capture
1395,motorist
1396,sleep
1397,argue
1398,active
1399,bin
1400,dream
1401,unsafe
1402,category
1403,voice
1404,cope
1405,recovery
1406,compete
1407,income
1408,procedure
1409,deserve
1410,firearm
1411,wake
1412,praise
1413,purpose
1414,usually
1415,learning
1416,symptom
1417,opposition
1418,digital
1419,recruitment
1420,purchase
1421,manslaughter
1422,blame
1423,male
1424,slow
1425,requirement
1426,oil
1427,misconduct
1428,consultant
1429,birth
1430,employ
1431,appreciate
1432,countryside
1433,outstanding
1434,sick
1435,exciting
1436,platform
1437,photograph
1438,edge
1439,arrangement
1440,radio
1441,agreement
1442,discovery
1443,royal
1444,dark
1445,motion
1446,kick
1447,neighbourhood
1448,mobile
1449,character
1450,winner
1451,swimmer
1452,english
1453,minor
1454,alcohol
1455,arrange
1456,undertake
1457,dashcam
1458,accessible
1459,surface
1460,highly
1461,ceo
1462,defence
1463,stone
1464,somebody
1465,elderly
1466,finally
1467,unveil
1468,immediately
1469,educational
1470,gold
1471,modern
1472,rap
1473,dig
1474,degree
1475,upset
1476,balance
1477,hectare
1478,anxiety
1479,certain
1480,thanks
1481,storm
1482,theatre
1483,guest
1484,breed
1485,founder
1486,knock
1487,friendly
1488,defra
1489,afterwards
1490,fundraise
1491,attention
1492,guide
1493,abandon
1494,occur
1495,presenter
1496,effective
1497,nobody
1498,cat
1499,doubt
1500,therefore
1501,habitat
1502,hopefully
1503,recommend
1504,illegal
1505,feed
1506,hunt
1507,toilet
1508,somewhere
1509,viable
1510,medication
1511,paint
1512,brilliant
1513,presence
1514,row
1515,table
1516,representative
1517,goal
1518,borough
1519,intent
1520,certainly
1521,noise
1522,escape
1523,lucky
1524,pylon
1525,b
1526,remand
1527,sexually
1528,swimming
1529,locally
1530,attraction
1531,song
1532,diesel
1533,flee
1534,spokeswoman
1535,fault
1536,prior
1537,screen
1538,bury
1539,month
1540,outbreak
1541,elect
1542,reading
1543,political
1544,expensive
1545,spending
1546,glass
1547,global
1548,feedback
1549,rider
1550,unnecessary
1551,reduction
1552,intend
1553,hosepipe
1554,drought
1555,permit
1556,normally
1557,famous
1558,cup
1559,wet
1560,cafe
1561,factor
1562,possibly
1563,fundraising
1564,engagement
1565,relation
1566,healthy
1567,shopping
1568,beauty
1569,enforcement
1570,hugely
1571,approval
1572,c
1573,saving
1574,soldier
1575,disappointed
1576,speaking
1577,fellow
1578,ultimately
1579,discussion
1580,importance
1581,rainfall
1582,replacement
1583,examine
1584,challenging
1585,strength
1586,smoke
1587,ownership
1588,load
1589,engine
1590,lease
1591,pavement
1592,tonne
1593,healthcare
1594,scooter
1595,achievement
1596,package
1597,landlord
1598,prompt
1599,nation
1600,sight
1601,weight
1602,half
1603,pride
1604,movement
1605,plea
1606,loan
1607,actor
1608,walking
1609,snow
1610,fair
1611,prosecution
1612,crossing
1613,locate
1614,background
1615,reassure
1616,bottle
1617,woodland
1618,truly
1619,ex
1620,surprise
1621,onto
1622,northern
1623,diagnosis
1624,machine
1625,substantial
1626,battery
1627,favour
1628,ship
1629,lock
1630,medicine
1631,coronation
1632,motorway
1633,device
1634,amid
1635,nationally
1636,retire
1637,hurt
1638,monarch
1639,prisoner
1640,angry
1641,trading
1642,unless
1643,inappropriate
1644,dementia
1645,workforce
1646,flower
1647,wale
1648,statue
1649,sculpture
1650,metal
1651,opening
1652,increased
1653,audience
1654,memorial
1655,appoint
1656,vision
1657,factory
1658,beach
1659,cannabis
1660,broadcast
1661,gang
1662,prioritise
1663,empty
1664,extensive
1665,following
1666,switch
1667,queue
1668,tragic
1669,lake
1670,sustain
1671,loved
1672,passion
1673,smile
1674,entire
1675,telford
1676,dental
1677,controversial
1678,debt
1679,yellow
1680,installation
1681,supplier
1682,scrap
1683,anybody
1684,transform
1685,contribution
1686,awful
1687,joint
1688,investigator
1689,limited
1690,capital
1691,retain
1692,associate
1693,traditional
1694,bath
1695,dentist
1696,trader
1697,artwork
1698,resign
1699,rid
1700,sky
1701,delight
1702,usual
1703,forecast
1704,detailed
1705,unprecedented
1706,appearance
1707,voter
1708,straight
1709,related
1710,giant
1711,virus
1712,bollard
1713,upon
1714,therapy
1715,closed
1716,least
1717,understanding
1718,biodiversity
1719,uniform
1720,contractor
1721,disappear
1722,gap
1723,cardiff
1724,select
1725,wage
1726,employment
1727,wash
1728,maybe
1729,relative
1730,transplant
1731,cultural
1732,title
1733,champion
1734,harassment
1735,recognition
1736,bn
1737,taxi
1738,profit
1739,researcher
1740,cable
1741,recycle
1742,teeth
1743,exercise
1744,shape
1745,candidate
1746,gift
1747,bodily
1748,litter
1749,professor
1750,legacy
1751,excite
1752,autistic
1753,suicide
1754,western
1755,flag
1756,ambition
1757,version
1758,pursue
1759,punch
1760,quick
1761,trap
1762,evacuate
1763,dismiss
1764,parish
1765,regeneration
1766,politician
1767,injured
1768,effectively
1769,map
1770,formal
1771,internal
1772,pop
1773,honest
1774,lady
1775,demolish
1776,repeatedly
1777,inclusive
1778,chancellor
1779,pitch
1780,pose
1781,perfect
1782,renewable
1783,consequence
1784,restoration
1785,fatal
1786,mortem
1787,acceptable
1788,paper
1789,repeat
1790,regulator
1791,dedicated
1792,negative
1793,storage
1794,medal
1795,suddenly
1796,concerned
1797,grade
1798,tenant
1799,increasingly
1800,valuable
1801,correct
1802,unusual
1803,reality
1804,chicken
1805,routine
1806,stadium
1807,underground
1808,code
1809,tweet
1810,credit
1811,entrance
1812,teenage
1813,craft
1814,mobility
1815,st
1816,grid
1817,scar
1818,climb
1819,coronavirus
1820,outline
1821,article
1822,battle
1823,trail
1824,emerge
1825,stock
1826,id
1827,brand
1828,multi
1829,interested
1830,setting
1831,gmt
1832,minimum
1833,cite
1834,gps
1835,rock
1836,heating
1837,alive
1838,painting
1839,stuff
1840,consult
1841,shoot
1842,attempted
1843,amaze
1844,addition
1845,removal
1846,actual
1847,mistake
1848,supermarket
1849,imagine
1850,text
1851,hire
1852,seal
1853,regulation
1854,asylum
1855,bypass
1856,truck
1857,dedicate
1858,seize
1859,indecent
1860,administration
1861,broken
1862,reply
1863,withdraw
1864,blow
1865,sadly
1866,rough
1867,exactly
1868,condolence
1869,whatever
1870,maternity
1871,dance
1872,breast
1873,author
1874,swan
1875,tank
1876,efficient
1877,president
1878,absolute
1879,egg
1880,press
1881,temporarily
1882,financially
1883,chest
1884,handle
1885,morning
1886,complain
1887,formerly
1888,conflict
1889,ignore
1890,fresh
1891,gun
1892,expense
1893,outdoor
1894,asset
1895,monitoring
1896,diversion
1897,soar
1898,shoulder
1899,concert
1900,forget
1901,patrol
1902,fleet
1903,boss
1904,enhance
1905,totally
1906,worried
1907,wheel
1908,association
1909,hide
1910,oxfordshire
1911,raid
1912,none
1913,proper
1914,apart
1915,impose
1916,cry
1917,theme
1918,adopt
1919,homelessness
1920,officially
1921,prevention
1922,working
1923,pledge
1924,minimise
1925,poll
1926,specific
1927,combine
1928,agent
1929,volume
1930,ease
1931,content
1932,junior
1933,entry
1934,agricultural
1935,literally
1936,assistance
1937,landowner
1938,mission
1939,photographer
1940,compensation
1941,timetable
1942,brick
1943,objection
1944,fin
1945,preserve
1946,referral
1947,motorbike
1948,consumer
1949,channel
1950,employer
1951,vast
1952,maximum
1953,disappointing
1954,entirely
1955,failing
1956,breathe
1957,holder
1958,burn
1959,plastic
1960,intervention
1961,tragedy
1962,crown
1963,reference
1964,otherwise
1965,guy
1966,violent
1967,beat
1968,install
1969,autism
1970,chain
1971,distance
1972,willing
1973,bone
1974,carefully
1975,clock
1976,accommodate
1977,campus
1978,stroke
1979,rehabilitation
1980,plaque
1981,anywhere
1982,deem
1983,enquiry
1984,tool
1985,constituent
1986,solve
1987,juror
1988,false
1989,easily
1990,wood
1991,kit
1992,alarm
1993,file
1994,trauma
1995,chat
1996,height
1997,task
1998,rebuild
1999,forever
2000,convert
2001,sing
2002,secondary
2003,insurance
2004,prince
2005,cap
2006,calm
2007,quit
2008,bright
2009,meant
2010,criticism
2011,sum
2012,deploy
2013,privilege
2014,jump
2015,weekend
2016,grief
2017,footpath
2018,retail
2019,running
2020,poultry
2021,motorcyclist
2022,disrupt
2023,nursing
2024,dsa
2025,knowledge
2026,conclusion
2027,cheap
2028,plot
2029,coastal
2030,relief
2031,rating
2032,abusive
2033,reform
2034,victory
2035,landmark
2036,mostly
2037,identity
2038,policing
2039,influence
2040,metre
2041,detain
2042,insist
2043,handover
2044,burglary
2045,recall
2046,refund
2047,reasonable
2048,pronounce
2049,frustration
2050,quiet
2051,equivalent
2052,suspected
2053,communicate
2054,sample
2055,expose
2056,advance
2057,integrate
2058,error
2059,strategic
2060,operational
2061,relevant
2062,marry
2063,balloon
2064,desperate
2065,badly
2066,coin
2067,southern
2068,supportive
2069,possess
2070,nursery
2071,clothes
2072,stream
2073,legislation
2074,silver
2075,cattle
2076,hair
2077,extraordinary
2078,farming
2079,vale
2080,transition
2081,disappoint
2082,statutory
2083,parade
2084,tribunal
2085,wave
2086,acquire
2087,vet
2088,producer
2089,hill
2090,hc
2091,cull
2092,shout
2093,demonstrate
2094,unpaid
2095,inconvenience
2096,depend
2097,genuine
2098,overnight
2099,grey
2100,freedom
2101,vessel
2102,creative
2103,talent
2104,sewer
2105,diversity
2106,parliamentary
2107,planned
2108,delighted
2109,collide
2110,northbound
2111,arrival
2112,cancellation
2113,obtain
2114,lunch
2115,adapt
2116,bomb
2117,suit
2118,footballer
2119,pig
2120,armed
2121,minority
2122,yes
2123,profession
2124,wing
2125,mainly
2126,enormous
2127,carer
2128,canal
2129,regret
2130,intensive
2131,medieval
2132,allocate
2133,method
2134,robust
2135,verdict
2136,style
2137,excellent
2138,plus
2139,foundation
2140,passionate
2141,defend
2142,principle
2143,foreign
2144,technical
2145,mention
2146,app
2147,everywhere
2148,personally
2149,basic
2150,scrutiny
2151,constant
2152,terrible
2153,cook
2154,explosion
2155,manner
2156,draft
2157,singer
2158,anger
2159,endanger
2160,suspicious
2161,steel
2162,buyer
2163,thrive
2164,wonder
2165,postpone
2166,waterway
2167,trouble
2168,tie
2169,cell
2170,neck
2171,voluntary
2172,mortgage
2173,million
2174,depression
2175,exploitation
2176,grass
2177,racist
2178,strain
2179,broad
2180,civil
2181,length
2182,substance
2183,cocaine
2184,eligible
2185,warrant
2186,relocate
2187,visible
2188,joke
2189,camp
2190,unwell
2191,qualify
2192,anticipate
2193,musician
2194,score
2195,remains
2196,guarantee
2197,owe
2198,plate
2199,redevelopment
2200,archaeologist
2201,heatwave
2202,ok
2203,earn
2204,rubbish
2205,flock
2206,seizure
2207,exchange
2208,bathing
2209,league
2210,gross
2211,reward
2212,celebrity
2213,barrister
2214,distribute
2215,detective
2216,inspiration
2217,studio
2218,settle
2219,attendance
2220,sponsor
2221,corner
2222,inpatient
2223,army
2224,fixed
2225,airline
2226,watchdog
2227,rspb
2228,understood
2229,analysis
2230,remind
2231,slightly
2232,undergo
2233,impossible
2234,opposite
2235,profile
2236,substation
2237,settlement
2238,gathering
2239,middle
2240,opinion
2241,eeast
2242,intelligence
2243,tea
2244,consideration
2245,crucial
2246,evening
2247,coffee
2248,intention
2249,element
2250,possibility
2251,cool
2252,gate
2253,forest
2254,allegedly
2255,robbery
2256,laugh
2257,civic
2258,princess
2259,expectation
2260,cream
2261,litre
2262,fence
2263,disciplinary
2264,strip
2265,walker
2266,container
2267,stable
2268,mill
2269,hole
2270,tear
2271,era
2272,penalty
2273,legally
2274,hang
2275,mountain
2276,historical
2277,pond
2278,conviction
2279,numerous
2280,bos
2281,meter
2282,smash
2283,proceeding
2284,neglect
2285,weigh
2286,three
2287,reign
2288,majesty
2289,comply
2290,speech
2291,bottom
2292,aspect
2293,thousand
2294,relatively
2295,mix
2296,wooden
2297,killer
2298,dentistry
2299,cambridgeshire
2300,southbound
2301,helicopter
2302,fruit
2303,tap
2304,attitude
2305,heavily
2306,patience
2307,nearly
2308,cease
2309,rich
2310,lifetime
2311,tumour
2312,governance
2313,dorset
2314,scary
2315,spirit
2316,apology
2317,perhaps
2318,television
2319,utility
2320,cake
2321,seeker
2322,graduate
2323,emotion
2324,spent
2325,lightning
2326,vaccine
2327,spike
2328,computer
2329,participate
2330,attractive
2331,spark
2332,worldwide
2333,advantage
2334,safeguarding
2335,severely
2336,petrol
2337,sheep
2338,pregnant
2339,unanimously
2340,fox
2341,anxious
2342,bronze
2343,faith
2344,citizen
2345,simple
2346,left
2347,classroom
2348,stabbing
2349,successfully
2350,occupy
2351,comfortable
2352,championship
2353,interim
2354,coalition
2355,horrific
2356,belong
2357,shot
2358,fashion
2359,extension
2360,dump
2361,divert
2362,storey
2363,clothing
2364,urban
2365,reaction
2366,sun
2367,tourist
2368,generous
2369,ancient
2370,sink
2371,competitor
2372,iron
2373,unknown
2374,boiler
2375,milestone
2376,hero
2377,resort
2378,assure
2379,winter
2380,offensive
2381,headline
2382,collaboration
2383,overturn
2384,kindness
2385,stall
2386,poverty
2387,creation
2388,uncover
2389,indicate
2390,partially
2391,politics
2392,badge
2393,smart
2394,wetland
2395,baton
2396,rugby
2397,hedgehog
2398,norfolk
2399,split
2400,urgently
2401,newly
2402,stressful
2403,sack
2404,notify
2405,chase
2406,slip
2407,youngster
2408,mural
2409,designate
2410,argument
2411,pas
2412,immigration
2413,excited
2414,mould
2415,isolated
2416,raac
2417,tractor
2418,external
2419,safer
2420,survivor
2421,react
2422,bench
2423,antibiotic
2424,structural
2425,ballot
2426,fourth
2427,reduced
2428,overflow
2429,bell
2430,shower
2431,handler
2432,childhood
2433,sudden
2434,headquarters
2435,sadden
2436,iconic
2437,reinforce
2438,backlog
2439,drone
2440,annual
2441,hare
2442,gallery
2443,ambitious
2444,island
2445,await
2446,suppose
2447,conspiracy
2448,making
2449,fundamental
2450,pocket
2451,pause
2452,magistrate
2453,shame
2454,rush
2455,diabetes
2456,subsequently
2457,mitigation
2458,vice
2459,dispose
2460,tiny
2461,secret
2462,specially
2463,neither
2464,airfield
2465,journalist
2466,detect
2467,pack
2468,hospitality
2469,nuclear
2470,workshop
2471,pharmacy
2472,cardiac
2473,grandmother
2474,import
2475,inclusion
2476,protester
2477,march
2478,peace
2479,deteriorate
2480,manufacturer
2481,h
2482,strengthen
2483,livestock
2484,fatally
2485,apprenticeship
2486,principal
2487,advanced
2488,thrill
2489,keeper
2490,damp
2491,nest
2492,improved
2493,adventure
2494,racism
2495,boundary
2496,oxygen
2497,formally
2498,academy
2499,calendar
2500,redundancy
2501,bang
2502,traumatic
2503,builder
2504,favourite
2505,epilepsy
2506,borrow
2507,comfort
2508,viaduct
2509,kg
2510,album
2511,mitigate
2512,grievous
2513,applicant
2514,overwhelm
2515,alleged
2516,atmosphere
2517,reverend
2518,exceed
2519,clinic
2520,meat
2521,tag
2522,tip
2523,extent
2524,shelter
2525,institution
2526,nightmare
2527,redevelop
2528,unhappy
2529,sq
2530,fairly
2531,picket
2532,patch
2533,partly
2534,visual
2535,beer
2536,lawyer
2537,root
2538,personnel
2539,closer
2540,compulsory
2541,renew
2542,predict
2543,treasure
2544,exhibit
2545,mass
2546,soil
2547,crack
2548,unlikely
2549,frontline
2550,minute
2551,proportion
2552,wedding
2553,suffering
2554,drag
2555,bullying
2556,season
2557,breakfast
2558,encounter
2559,diverse
2560,sooner
2561,frustrate
2562,expansion
2563,horrendous
2564,invasion
2565,lung
2566,organ
2567,function
2568,archaeological
2569,tradition
2570,trustee
2571,sufficient
2572,everyday
2573,glad
2574,powerful
2575,core
2576,resilience
2577,grandfather
2578,nervous
2579,novel
2580,mouth
2581,ombudsman
2582,narrow
2583,tower
2584,sympathy
2585,exam
2586,entitle
2587,endure
2588,entertainment
2589,devastating
2590,internet
2591,generally
2592,fa
2593,pattern
2594,joy
2595,sentencing
2596,uncertainty
2597,coat
2598,monument
2599,onshore
2600,parkinson
2601,doncaster
2602,pink
2603,resume
2604,flame
2605,faster
2606,thorough
2607,apartment
2608,trained
2609,surplus
2610,constantly
2611,vacancy
2612,stag
2613,occupant
2614,spare
2615,gym
2616,physically
2617,considerable
2618,regardless
2619,prop
2620,circus
2621,exceptional
2622,representation
2623,harvest
2624,gender
2625,overwhelming
2626,excavation
2627,drinking
2628,audit
2629,deadline
2630,electrical
2631,pcc
2632,shirt
2633,stem
2634,placement
2635,label
2636,corridor
2637,chef
2638,hoard
2639,twitter
2640,bravery
2641,writer
2642,walkout
2643,enterprise
2644,reassurance
2645,dinner
2646,ruin
2647,gig
2648,demonstration
2649,prosecute
2650,trace
2651,innovation
2652,prescription
2653,burden
2654,passport
2655,breakdown
2656,caf
2657,meaning
2658,fishing
2659,trainer
2660,overcome
2661,hat
2662,compromise
2663,parcel
2664,offering
2665,hopeful
2666,ldrs
2667,mortality
2668,lifeboat
2669,scas
2670,contest
2671,span
2672,bleed
2673,desperately
2674,eastern
2675,furniture
2676,childcare
2677,sensitive
2678,plenty
2679,grab
2680,reverse
2681,frequent
2682,strongly
2683,prepared
2684,taxpayer
2685,respiratory
2686,string
2687,bicycle
2688,belief
2689,obvious
2690,fundraiser
2691,prize
2692,listener
2693,rover
2694,stalk
2695,captive
2696,garage
2697,dual
2698,defibrillator
2699,palace
2700,prospect
2701,forensic
2702,villager
2703,rally
2704,behave
2705,required
2706,artefact
2707,closing
2708,breaking
2709,nowhere
2710,homeowner
2711,chapel
2712,aside
2713,humble
2714,motorcycle
2715,disposal
2716,signal
2717,refurbishment
2718,preparation
2719,icy
2720,reopening
2721,actively
2722,inspect
2723,combination
2724,disaster
2725,mandatory
2726,fare
2727,salary
2728,bat
2729,mess
2730,ruling
2731,remarkable
2732,excess
2733,freight
2734,constabulary
2735,abroad
2736,shake
2737,vegetable
2738,wrap
2739,meadow
2740,frame
2741,moon
2742,killing
2743,pleasure
2744,frustrating
2745,donor
2746,drama
2747,copy
2748,adequate
2749,acute
2750,boom
2751,cottage
2752,participant
2753,tall
2754,aviation
2755,civilian
2756,performer
2757,complainant
2758,instance
2759,hell
2760,comedian
2761,anymore
2762,committed
2763,accompany
2764,resurface
2765,consistent
2766,midwife
2767,educate
2768,fifth
2769,panic
2770,widespread
2771,flash
2772,paddle
2773,super
2774,interesting
2775,painful
2776,proclamation
2777,staffing
2778,mask
2779,instructor
2780,silence
2781,footfall
2782,syndrome
2783,obligation
2784,steam
2785,planet
2786,attach
2787,bacteria
2788,retailer
2789,fake
2790,documentary
2791,guideline
2792,tend
2793,survival
2794,caring
2795,demolition
2796,facilitate
2797,operating
2798,newspaper
2799,solicitor
2800,strict
2801,practical
2802,adjourn
2803,bite
2804,episode
2805,necessarily
2806,experienced
2807,tunnel
2808,chronic
2809,infect
2810,toll
2811,sheffield
2812,criterion
2813,administer
2814,thinking
2815,vacant
2816,relieve
2817,relax
2818,costume
2819,reunite
2820,deficit
2821,thief
2822,raw
2823,burial
2824,proceed
2825,publicly
2826,aggressive
2827,overhaul
2828,lib
2829,smell
2830,untreated
2831,oh
2832,excessive
2833,typical
2834,disturbance
2835,detention
2836,helpful
2837,prefer
2838,loud
2839,athlete
2840,cathedral
2841,escalate
2842,yard
2843,autumn
2844,massively
2845,unexpected
2846,hammer
2847,disqualify
2848,expertise
2849,retired
2850,pending
2851,fraudulent
2852,print
2853,neutral
2854,nationwide
2855,familiar
2856,arise
2857,castle
2858,stamp
2859,edmunds
2860,patron
2861,lifestyle
2862,unfair
2863,motor
2864,lengthy
2865,negotiation
2866,sixth
2867,exhaust
2868,intense
2869,pace
2870,recording
2871,apprentice
2872,dedication
2873,significance
2874,enforce
2875,lasting
2876,coal
2877,grandson
2878,rspca
2879,spell
2880,revamp
2881,unbelievable
2882,eastbound
2883,psychiatric
2884,retirement
2885,arch
2886,locomotive
2887,nominate
2888,pathway
2889,personality
2890,visa
2891,repay
2892,kite
2893,coli
2894,membership
2895,london
2896,brave
2897,ups
2898,chemical
2899,critically
2900,racing
2901,master
2902,five
2903,cruelty
2904,turbine
2905,sibling
2906,classic
2907,precaution
2908,carriage
2909,construct
2910,collective
2911,teaching
2912,toy
2913,spill
2914,ceiling
2915,renovation
2916,shropshire
2917,surcharge
2918,quarry
2919,cheese
2920,scenario
2921,zero
2922,careless
2923,auditor
2924,cotswold
2925,cricket
2926,habit
2927,appropriately
2928,afraid
2929,activist
2930,olympic
2931,prey
2932,viability
2933,rapidly
2934,isolate
2935,reputation
2936,conference
2937,g
2938,shortfall
2939,permanently
2940,slowly
2941,overhead
2942,wildfire
2943,earth
2944,stagecoach
2945,protective
2946,commander
2947,dock
2948,oversee
2949,technician
2950,revise
2951,bless
2952,mixed
2953,casualty
2954,cm
2955,hidden
2956,marine
2957,accelerate
2958,defeat
2959,palliative
2960,vaccination
2961,trailer
2962,mainstream
2963,migrant
2964,earthquake
2965,pothole
2966,fossil
2967,selection
2968,web
2969,comic
2970,signature
2971,isolation
2972,widely
2973,commemorate
2974,exact
2975,terrorism
2976,analyse
2977,revenue
2978,drain
2979,depict
2980,ball
2981,wherever
2982,restrict
2983,thoroughly
2984,fertiliser
2985,recycling
2986,caution
2987,voucher
2988,license
2989,scam
2990,takeaway
2991,bee
2992,registered
2993,strand
2994,curator
2995,probation
2996,neighbouring
2997,kidney
2998,crazy
2999,golf
3000,unlawful
3001,deliberate
3002,frozen
3003,certificate
3004,cow
3005,biosecurity
3006,shoe
3007,adhd
3008,loving
3009,seasonal
3010,portrait
3011,perpetrator
3012,foster
3013,mount
3014,stakeholder
3015,chaos
3016,bishop
3017,lieutenant
3018,destination
3019,except
3020,gear
3021,independence
3022,rear
3023,guard
3024,cliff
3025,mast
3026,bully
3027,subsequent
3028,terrify
3029,freeze
3030,cordon
3031,hazard
3032,berkshire
3033,proof
3034,lifeline
3035,counter
3036,honestly
3037,cigarette
3038,alzheimer
3039,rental
3040,planter
3041,penguin
3042,cerebral
3043,palsy
3044,resignation
3045,surgeon
3046,rocket
3047,nesting
3048,insufficient
3049,strange
3050,ditch
3051,beam
3052,introduction
3053,intervene
3054,rank
3055,agriculture
3056,prescribe
3057,trigger
3058,grand
3059,urgency
3060,tournament
3061,resilient
3062,indoor
3063,marriage
3064,acquit
3065,grave
3066,log
3067,boot
3068,instruction
3069,machinery
3070,trialled
3071,friendship
3072,suspension
3073,belt
3074,trend
3075,enclosure
3076,avoidable
3077,veterinary
3078,arson
3079,bladed
3080,circle
3081,guitar
3082,evacuation
3083,jungle
3084,captain
3085,comprehensive
3086,hardship
3087,wrongly
3088,disgust
3089,terrorist
3090,tipping
3091,unclear
3092,supt
3093,erect
3094,precious
3095,cast
3096,native
3097,meaningful
3098,objective
3099,immensely
3100,electronic
3101,exploit
3102,naked
3103,disappearance
3104,remote
3105,designer
3106,qualification
3107,census
3108,tourism
3109,efficiency
3110,capable
3111,infant
3112,scientific
3113,accidentally
3114,chocolate
3115,tanker
3116,aurora
3117,calf
3118,grossly
3119,grandchild
3120,oxford
3121,dame
3122,shopper
3123,discount
3124,comparison
3125,genetic
3126,conditional
3127,independently
3128,apparently
3129,sadness
3130,throat
3131,soul
3132,compliance
3133,runway
3134,lodge
3135,fulfil
3136,workplace
3137,blind
3138,extended
3139,custom
3140,golden
3141,globally
3142,hike
3143,virtual
3144,aerated
3145,indoors
3146,retention
3147,typically
3148,careful
3149,creature
3150,dam
3151,govern
3152,largely
3153,highways
3154,innovative
3155,stomach
3156,invoice
3157,unexplained
3158,offending
3159,naturally
3160,affair
3161,experiment
3162,cleaning
3163,photography
3164,humour
3165,hs
3166,shooting
3167,tariff
3168,tolerate
3169,unsustainable
3170,renowned
3171,basically
3172,judicial
3173,changing
3174,funny
3175,plough
3176,involvement
3177,scan
3178,perceive
3179,asleep
3180,sighting
3181,deliberately
3182,qualified
3183,duke
3184,warden
3185,organised
3186,corporate
3187,procession
3188,planner
3189,mm
3190,academic
3191,prostate
3192,recipient
3193,pension
3194,de
3195,four
3196,bay
3197,arena
3198,greatly
3199,constructive
3200,catastrophic
3201,exempt
3202,portfolio
3203,ear
3204,fitness
3205,float
3206,inch
3207,remorse
3208,curriculum
3209,rowing
3210,disused
3211,tyre
3212,orchestra
3213,vibrant
3214,con
3215,practitioner
3216,unconscious
3217,unite
3218,scandal
3219,protected
3220,bond
3221,postal
3222,worsen
3223,summer
3224,correspondent
3225,coaching
3226,stunning
3227,doorstep
3228,terminal
3229,trio
3230,identification
3231,earmark
3232,chamber
3233,lonely
3234,scream
3235,orange
3236,tent
3237,knee
3238,steep
3239,worrying
3240,stranger
3241,hotspot
3242,laptop
3243,brown
3244,marking
3245,bowel
3246,badger
3247,sustainability
3248,justify
3249,quarter
3250,instrument
3251,chemotherapy
3252,confuse
3253,unaware
3254,divide
3255,tory
3256,sail
3257,fisherman
3258,beginning
3259,accurate
3260,aeroplane
3261,lgbtq
3262,swift
3263,tirelessly
3264,shadow
3265,absence
3266,apparent
3267,emily
3268,connectivity
3269,booking
3270,decrease
3271,sofa
3272,ambassador
3273,fracture
3274,statistic
3275,playing
3276,globe
3277,dealt
3278,integrity
3279,rebate
3280,depot
3281,opponent
3282,six
3283,autoclave
3284,leading
3285,dancing
3286,illegally
3287,crane
3288,convince
3289,banking
3290,essentially
3291,wipe
3292,contaminate
3293,choir
3294,completion
3295,whip
3296,granddaughter
3297,mercia
3298,monk
3299,hobby
3300,fortunate
3301,anonymous
3302,herd
3303,nerve
3304,pregnancy
3305,square
3306,born
3307,broadcaster
3308,coincide
3309,consistently
3310,teen
3311,carrier
3312,insight
3313,reportedly
3314,shareholder
3315,appliance
3316,mood
3317,instruct
3318,semi
3319,staffordshire
3320,tight
3321,exceptionally
3322,submission
3323,privacy
3324,rapid
3325,assume
3326,navigate
3327,seaside
3328,whale
3329,headteacher
3330,reliable
3331,bump
3332,steer
3333,counsel
3334,technique
3335,aquatic
3336,swing
3337,festive
3338,poster
3339,coverage
3340,explode
3341,laboratory
3342,latitude
3343,realistic
3344,sacrifice
3345,troop
3346,pioneer
3347,amend
3348,automatic
3349,extinguish
3350,firework
3351,proximity
3352,mini
3353,coastguard
3354,uncertain
3355,blade
3356,amber
3357,suite
3358,thankfully
3359,pile
3360,partial
3361,sensible
3362,respectively
3363,maritime
3364,primarily
3365,maker
3366,aggravate
3367,preferred
3368,satisfy
3369,mammal
3370,mourn
3371,motivate
3372,phenomenal
3373,liaise
3374,racial
3375,skull
3376,cop
3377,edition
3378,surreal
3379,cloud
3380,pharmacist
3381,gwynedd
3382,bungalow
3383,informed
3384,copyright
3385,arable
3386,windfarms
3387,lower
3388,utterly
3389,embrace
3390,blanket
3391,departure
3392,telephone
3393,vandalism
3394,encouraging
3395,admission
3396,catering
3397,unfit
3398,anyway
3399,unlike
3400,tram
3401,timber
3402,derelict
3403,assurance
3404,advert
3405,f
3406,showcase
3407,clarity
3408,prayer
3409,desire
3410,spring
3411,greenhouse
3412,interaction
3413,pony
3414,coastline
3415,olympics
3416,coffin
3417,upsetting
3418,deer
3419,equally
3420,comedy
3421,lion
3422,mentally
3423,tube
3424,roadside
3425,depth
3426,horrible
3427,ii
3428,seed
3429,milk
3430,hmicfrs
3431,underwear
3432,yoga
3433,caravan
3434,equality
3435,upper
3436,paperwork
3437,pit
3438,courage
3439,snap
3440,halt
3441,manufacture
3442,equal
3443,moor
3444,drainage
3445,sleeping
3446,verge
3447,investor
3448,ridiculous
3449,offend
3450,god
3451,salt
3452,designated
3453,editor
3454,euro
3455,strive
3456,ordeal
3457,underneath
3458,meantime
3459,genuinely
3460,crumble
3461,pursuit
3462,architect
3463,mentor
3464,replica
3465,judgement
3466,traveller
3467,promotion
3468,roadworks
3469,luck
3470,nhs
3471,specialise
3472,heal
3473,context
3474,implementation
3475,beaver
3476,puppy
3477,decent
3478,sheer
3479,poorly
3480,magic
3481,deaf
3482,vigil
3483,decorate
3484,weak
3485,lunchtime
3486,skirt
3487,hound
3488,kiss
3489,stonehenge
3490,cheer
3491,tier
3492,watcher
3493,ideal
3494,taste
3495,unlock
3496,notification
3497,heartbroken
3498,duck
3499,correctly
3500,unreasonable
3501,sandwich
3502,reliant
3503,deterioration
3504,downgrade
3505,undermine
3506,lobby
3507,usage
3508,prolonged
3509,observe
3510,quantity
3511,profound
3512,cadent
3513,refuge
3514,swiftly
3515,beside
3516,useful
3517,loyal
3518,funded
3519,rope
3520,responder
3521,exclude
3522,feasibility
3523,nightclub
3524,indeed
3525,stability
3526,movie
3527,rethink
3528,misuse
3529,ms
3530,immune
3531,quote
3532,frighten
3533,archaeology
3534,percentage
3535,solely
3536,dyslexia
3537,interact
3538,depart
3539,bottled
3540,referee
3541,ltn
3542,peaceful
3543,restrain
3544,cyber
3545,haul
3546,breeding
3547,aged
3548,critic
3549,minimal
3550,dash
3551,cam
3552,disable
3553,designation
3554,reception
3555,modernise
3556,christmas
3557,effectiveness
3558,damaging
3559,duration
3560,shocked
3561,enthusiast
3562,sand
3563,deter
3564,thunderstorm
3565,dairy
3566,revolution
3567,zoo
3568,differently
3569,trainee
3570,impression
3571,perspective
3572,specifically
3573,daily
3574,reminder
3575,commend
3576,campaigning
3577,signage
3578,hampshire
3579,skin
3580,asthma
3581,runner
3582,drunk
3583,crowdfunding
3584,sickness
3585,amongst
3586,cater
3587,consume
3588,grassroots
3589,alight
3590,goodbye
3591,updated
3592,subsidy
3593,stoke
3594,upcoming
3595,proceeds
3596,convoy
3597,parliament
3598,workload
3599,glove
3600,farmland
3601,alliance
3602,testing
3603,chalk
3604,upload
3605,ipswich
3606,redundant
3607,gay
3608,groom
3609,probe
3610,truth
3611,hedgerow
3612,phenomenon
3613,communal
3614,inequality
3615,automatically
3616,seriousness
3617,dispatch
3618,persuade
3619,rightly
3620,flexible
3621,mine
3622,excavate
3623,passing
3624,bomber
3625,shore
3626,frequently
3627,groundwater
3628,exacerbate
3629,pervert
3630,combat
3631,recorder
3632,dignity
3633,succession
3634,morale
3635,today
3636,pin
3637,underwater
3638,tennis
3639,agenda
3640,nose
3641,extinction
3642,ecosystem
3643,hail
3644,defect
3645,landing
3646,bust
3647,hydrogen
3648,learner
3649,evaluate
3650,consist
3651,striking
3652,lamb
3653,excuse
3654,charitable
3655,licensing
3656,advertise
3657,sole
3658,rot
3659,ocean
3660,busway
3661,pole
3662,condemn
3663,hundred
3664,determination
3665,dub
3666,confusion
3667,port
3668,outlet
3669,legend
3670,nail
3671,negotiate
3672,layout
3673,harmful
3674,otter
3675,pup
3676,vary
3677,remembrance
3678,exit
3679,batch
3680,counselling
3681,skate
3682,oak
3683,vandalise
3684,explosive
3685,whereas
3686,spray
3687,loneliness
3688,breath
3689,interactive
3690,lottery
3691,pipeline
3692,regenerate
3693,exposure
3694,psychological
3695,description
3696,confront
3697,surveillance
3698,ea
3699,oversight
3700,accusation
3701,unearth
3702,defending
3703,overspend
3704,tasered
3705,adore
3706,coordinator
3707,rower
3708,potato
3709,bereavement
3710,cruel
3711,awake
3712,bound
3713,flexibility
3714,bug
3715,taskforce
3716,racially
3717,embankment
3718,repayment
3719,publication
3720,echo
3721,positively
3722,outfit
3723,appalling
3724,impressive
3725,hedge
3726,respondent
3727,hollow
3728,imprisonment
3729,credible
3730,pro
3731,combined
3732,beloved
3733,uncle
3734,associated
3735,airspace
3736,commercially
3737,escort
3738,reconsider
3739,heartbreaking
3740,helmet
3741,bake
3742,beneficial
3743,widow
3744,upstairs
3745,listed
3746,known
3747,conscious
3748,plain
3749,debris
3750,overlook
3751,ingredient
3752,hygiene
3753,eliminate
3754,outskirt
3755,rabbit
3756,inflict
3757,adjust
3758,screening
3759,drawing
3760,skilled
3761,quiz
3762,menopause
3763,distressed
3764,adjacent
3765,routinely
3766,wholly
3767,influenza
3768,relentless
3769,dfe
3770,refill
3771,carving
3772,hip
3773,mid
3774,export
3775,therapist
3776,reptile
3777,situate
3778,transmission
3779,tremendous
3780,spectacular
3781,equip
3782,footprint
3783,conservationist
3784,disagree
3785,disclose
3786,dust
3787,harness
3788,manufacturing
3789,dismantle
3790,continued
3791,barn
3792,squad
3793,adoption
3794,brief
3795,leakage
3796,caller
3797,crush
3798,succeed
3799,marketing
3800,gamble
3801,amenity
3802,muscle
3803,wildflower
3804,recreation
3805,enhanced
3806,frequency
3807,carnival
3808,slavery
3809,ash
3810,transformation
3811,musical
3812,goer
3813,thriving
3814,planting
3815,inevitable
3816,jet
3817,chart
3818,cab
3819,collector
3820,westminster
3821,payer
3822,adaptive
3823,embed
3824,ad
3825,rival
3826,lab
3827,pine
3828,glory
3829,infected
3830,renewables
3831,disinfect
3832,dependent
3833,contestant
3834,smooth
3835,rollout
3836,replicate
3837,opt
3838,wheat
3839,weed
3840,trolley
3841,leaflet
3842,glamorgan
3843,clinician
3844,avian
3845,pour
3846,talented
3847,tragically
3848,hybrid
3849,surrender
3850,migratory
3851,surprised
3852,missing
3853,breathing
3854,reinstate
3855,vow
3856,reliance
3857,proposed
3858,peel
3859,certainty
3860,disco
3861,lifelong
3862,rainwater
3863,lad
3864,hunting
3865,privately
3866,disappointment
3867,transparent
3868,gradually
3869,stolen
3870,tick
3871,standing
3872,cemetery
3873,outage
3874,toxic
3875,empire
3876,prof
3877,taking
3878,serving
3879,shin
3880,sweet
3881,hate
3882,bowl
3883,contemporary
3884,footbridge
3885,incorporate
3886,belonging
3887,accordance
3888,dj
3889,disgraceful
3890,compound
3891,dem
3892,incentive
3893,humanitarian
3894,historian
3895,postcard
3896,apple
3897,allotment
3898,socialise
3899,bloom
3900,optimistic
3901,establishment
3902,flourish
3903,concept
3904,soft
3905,solo
3906,worse
3907,detainee
3908,saxon
3909,pathologist
3910,cygnet
3911,cider
3912,productivity
3913,grieve
3914,query
3915,surge
3916,boyfriend
3917,girlfriend
3918,spinal
3919,broadband
3920,advisor
3921,margin
3922,venture
3923,contingency
3924,greener
3925,quicker
3926,paediatric
3927,regiment
3928,mechanism
3929,gateway
3930,scratch
3931,rip
3932,jointly
3933,drown
3934,frightening
3935,refurbish
3936,stained
3937,dismissal
3938,bread
3939,translate
3940,gesture
3941,dealer
3942,reflection
3943,peer
3944,marsh
3945,undertaken
3946,jewellery
3947,timing
3948,historically
3949,competitive
3950,cordoned
3951,homophobic
3952,classify
3953,grassland
3954,prosecuting
3955,trialling
3956,gown
3957,welcoming
3958,overseas
3959,downstream
3960,pavilion
3961,westbound
3962,vegetation
3963,clash
3964,manual
3965,disturb
3966,sketch
3967,altogether
3968,virtually
3969,picker
3970,parachute
3971,toddler
3972,triple
3973,wholesale
3974,regulatory
3975,wye
3976,ordinate
3977,lecturer
3978,outweigh
3979,landslip
3980,disruptive
3981,ptsd
3982,follower
3983,tortoise
3984,mink
3985,immunity
3986,hancock
3987,eeas
3988,barnsley
3989,banner
3990,fighter
3991,vigilant
3992,amateur
3993,continuous
3994,cousin
3995,respite
3996,afield
3997,sleeper
3998,clay
3999,greet
4000,theory
4001,sweep
4002,severity
4003,absorb
4004,liver
4005,unsuitable
4006,environmentally
4007,retrial
4008,seven
4009,spoke
4010,guess
4011,tile
4012,gentle
4013,religious
4014,auctioneer
4015,catalogue
4016,overtake
4017,adverse
4018,stun
4019,resolution
4020,luxury
4021,overwhelmed
4022,medallist
4023,hockey
4024,fringe
4025,poison
4026,understandably
4027,pen
4028,tire
4029,fascinating
4030,fortnight
4031,surveyor
4032,clerk
4033,lighting
4034,hamper
4035,random
4036,trent
4037,severn
4038,butterfly
4039,harder
4040,stain
4041,skater
4042,radiotherapy
4043,accessibility
4044,cruise
4045,incubator
4046,supervision
4047,fabulous
4048,liquidation
4049,explanation
4050,turnout
4051,banter
4052,detection
4053,shark
4054,dramatic
4055,uncomfortable
4056,controversy
4057,availability
4058,unaffected
4059,watercourse
4060,reuse
4061,carve
4062,define
4063,sincere
4064,continent
4065,whatsoever
4066,destruction
4067,ago
4068,command
4069,governor
4070,residence
4071,sovereign
4072,finger
4073,silent
4074,entertain
4075,remotely
4076,satellite
4077,afternoon
4078,striker
4079,transaction
4080,lightweight
4081,spectator
4082,compile
4083,met
4084,proactive
4085,lap
4086,pot
4087,involved
4088,evade
4089,blight
4090,vole
4091,sailing
4092,wander
4093,trouser
4094,paramount
4095,brass
4096,pretend
4097,delete
4098,imitation
4099,kc
4100,consensual
4101,generator
4102,newborn
4103,testament
4104,desert
4105,collaborate
4106,underway
4107,considerably
4108,timely
4109,headliner
4110,lightly
4111,ceremonial
4112,packet
4113,hug
4114,entrepreneur
4115,shelf
4116,sunflower
4117,popularity
4118,processing
4119,ferry
4120,weir
4121,migration
4122,waive
4123,discrimination
4124,diet
4125,biogas
4126,bind
4127,sword
4128,poyner
4129,swindon
4130,diplomatic
4131,erosion
4132,dolphin
4133,nickname
4134,ranger
4135,insulation
4136,remainder
4137,traditionally
4138,mindset
4139,skip
4140,outdated
4141,dominate
4142,cure
4143,dialogue
4144,comprise
4145,symbol
4146,pedal
4147,grip
4148,pensioner
4149,sharp
4150,livelihood
4151,responsibly
4152,provisional
4153,terrier
4154,catchment
4155,aggravated
4156,downstairs
4157,responsive
4158,eagle
4159,separately
4160,adhere
4161,immense
4162,fabric
4163,prosthetic
4164,suspended
4165,enhancement
4166,internationally
4167,legitimate
4168,mystery
4169,memorabilia
4170,lifespan
4171,sustained
4172,narrative
4173,happiness
4174,addiction
4175,brownfield
4176,counsellor
4177,angle
4178,stair
4179,crisp
4180,reintroduce
4181,filming
4182,confidential
4183,shield
4184,topic
4185,fatality
4186,poem
4187,chip
4188,premature
4189,orchard
4190,respectful
4191,fancy
4192,conserve
4193,ashamed
4194,complication
4195,reinforced
4196,abhorrent
4197,salmon
4198,estuary
4199,furious
4200,inland
4201,airlift
4202,spotlight
4203,eclipse
4204,intelligent
4205,resistant
4206,british
4207,trench
4208,tape
4209,glider
4210,gardening
4211,digester
4212,elephant
4213,fridge
4214,eight
4215,concentrate
4216,bore
4217,frail
4218,mow
4219,terminate
4220,anglia
4221,yarmouth
4222,uea
4223,reservation
4224,det
4225,indefinite
4226,forefront
4227,inspirational
4228,abuser
4229,twin
4230,eating
4231,empower
4232,impress
4233,cabin
4234,ammunition
4235,enormously
4236,implication
4237,backing
4238,prospective
4239,minster
4240,pottery
4241,vacate
4242,fame
4243,forecaster
4244,fate
4245,swathe
4246,subsidise
4247,warehouse
4248,capability
4249,ordinary
4250,wine
4251,sheet
4252,expire
4253,tension
4254,likelihood
4255,somehow
4256,compliant
4257,swap
4258,elite
4259,tablet
4260,ultimate
4261,colourful
4262,detrimental
4263,fat
4264,playground
4265,detectorist
4266,targeted
4267,descend
4268,dioxide
4269,axe
4270,reschedule
4271,turnover
4272,unsure
4273,sock
4274,minibus
4275,stabilise
4276,enthusiasm
4277,revive
4278,wrongdoing
4279,fluid
4280,correspondence
4281,adviser
4282,terrace
4283,disrepair
4284,beneath
4285,missed
4286,wenlock
4287,gloucester
4288,horn
4289,whistle
4290,stole
4291,clergy
4292,skipper
4293,adaptation
4294,approved
4295,hostile
4296,medically
4297,amendment
4298,charm
4299,windfarm
4300,decker
4301,lithium
4302,valid
4303,swr
4304,hello
4305,viking
4306,seating
4307,innocent
4308,spine
4309,penny
4310,commuter
4311,transgender
4312,ecological
4313,mate
4314,inmate
4315,obstacle
4316,fond
4317,ramp
4318,button
4319,importantly
4320,surroundings
4321,mirror
4322,nutrient
4323,windsor
4324,archive
4325,accidental
4326,renovate
4327,pm
4328,dip
4329,j
4330,told
4331,notable
4332,bereaved
4333,bereave
4334,pure
4335,gardener
4336,utmost
4337,deposit
4338,uplift
4339,insect
4340,inundate
4341,compensate
4342,sugar
4343,amazingly
4344,continually
4345,courier
4346,coma
4347,mute
4348,sensory
4349,handful
4350,consumption
4351,mascot
4352,circulate
4353,terribly
4354,neurological
4355,eco
4356,guilt
4357,loop
4358,bespoke
4359,insurer
4360,anonymity
4361,lb
4362,nfu
4363,referendum
4364,sanction
4365,edit
4366,interior
4367,conversion
4368,supervisor
4369,buckle
4370,promoter
4371,perfectly
4372,anchor
4373,professionally
4374,allowance
4375,briefly
4376,squadron
4377,crab
4378,pier
4379,magnet
4380,ml
4381,sonic
4382,sanctuary
4383,compassion
4384,inaccurate
4385,waiting
4386,surprising
4387,accountability
4388,costly
4389,jacket
4390,nuisance
4391,us
4392,commence
4393,satisfied
4394,helpless
4395,nephew
4396,ch
4397,focused
4398,phrase
4399,beforehand
4400,powered
4401,din
4402,underestimate
4403,reconnect
4404,documentation
4405,anaerobic
4406,reiterate
4407,promptly
4408,database
4409,unresponsive
4410,bold
4411,awe
4412,struck
4413,worn
4414,nurture
4415,selfless
4416,tin
4417,unrelated
4418,supervise
4419,practise
4420,logistics
4421,spiral
4422,folk
4423,dean
4424,universal
4425,stake
4426,recreational
4427,nomination
4428,hook
4429,slim
4430,carpet
4431,doorbell
4432,fetch
4433,wreck
4434,writing
4435,victorian
4436,travelling
4437,dire
4438,finalist
4439,deprivation
4440,bonus
4441,drove
4442,feat
4443,intimidation
4444,spin
4445,defraud
4446,remark
4447,turmoil
4448,assumption
4449,tenancy
4450,dialysis
4451,parole
4452,bulk
4453,devote
4454,inspiring
4455,showing
4456,eve
4457,snapshot
4458,hillfort
4459,fibre
4460,purely
4461,oswestry
4462,migrate
4463,oakengates
4464,boarding
4465,output
4466,silt
4467,vintage
4468,intimate
4469,maximise
4470,bulletin
4471,longleat
4472,wealthy
4473,dome
4474,blunt
4475,cymru
4476,excellence
4477,felce
4478,greyhound
4479,sperm
4480,lido
4481,nsft
4482,cpft
4483,indefinitely
4484,journalism
4485,rob
4486,stigma
4487,intimidate
4488,uphold
4489,motivation
4490,vulnerability
4491,faulty
4492,shocking
4493,clarification
4494,gentleman
4495,podcast
4496,sore
4497,liaison
4498,compel
4499,unviable
4500,aspiration
4501,eastmidsnews
4502,schoolchildren
4503,insult
4504,shade
4505,sergeant
4506,advertisement
4507,originate
4508,throne
4509,abbey
4510,software
4511,bleeding
4512,limb
4513,goodwill
4514,blockage
4515,appal
4516,observation
4517,reliability
4518,headache
4519,reluctant
4520,salon
4521,blast
4522,odd
4523,buzz
4524,dhsc
4525,elected
4526,strap
4527,niece
4528,attendee
4529,plug
4530,bother
4531,driveway
4532,chaotic
4533,dose
4534,disagreement
4535,evolve
4536,scared
4537,helpline
4538,shine
4539,den
4540,unannounced
4541,inbox
4542,kidnap
4543,generosity
4544,conceal
4545,warwickshire
4546,occurrence
4547,paralyse
4548,purple
4549,tune
4550,hay
4551,pupils
4552,taught
4553,array
4554,temple
4555,shed
4556,takeover
4557,btb
4558,pallet
4559,ethnic
4560,offset
4561,singing
4562,exclusive
4563,jam
4564,wilderness
4565,voting
4566,underpass
4567,injection
4568,wool
4569,slur
4570,boast
4571,prom
4572,quieter
4573,wycombe
4574,fen
4575,mining
4576,solidarity
4577,tolerance
4578,shall
4579,newsletter
4580,hatch
4581,voluntarily
4582,weakness
4583,ax
4584,framework
4585,controlled
4586,enjoyment
4587,thankful
4588,economically
4589,horrify
4590,curtain
4591,submerge
4592,haveyoursay
4593,advocate
4594,floral
4595,artery
4596,unusually
4597,strangle
4598,coercive
4599,steward
4600,quash
4601,persistent
4602,widen
4603,hm
4604,cooking
4605,heater
4606,manoeuvre
4607,conceive
4608,nh
4609,aunt
4610,solid
4611,instantly
4612,footstep
4613,trophy
4614,handling
4615,transparency
4616,cub
4617,knit
4618,punishment
4619,mud
4620,distinctive
4621,medic
4622,triumph
4623,exemption
4624,pollute
4625,l
4626,mammoth
4627,flare
4628,fragment
4629,creator
4630,regulate
4631,diary
4632,unsuccessful
4633,extract
4634,buoy
4635,fascinate
4636,openly
4637,outrageous
4638,riverside
4639,dawn
4640,postman
4641,learnt
4642,summit
4643,rink
4644,duo
4645,math
4646,worthwhile
4647,butcher
4648,handcuff
4649,dancer
4650,eradicate
4651,detectorists
4652,sailor
4653,component
4654,quad
4655,cupboard
4656,squeeze
4657,somerset
4658,curfew
4659,psychologist
4660,brewery
4661,thatch
4662,feast
4663,excitement
4664,brake
4665,ox
4666,southweather
4667,harper
4668,paddleboarding
4669,disgrace
4670,rigorous
4671,jaw
4672,hull
4673,predominantly
4674,mindful
4675,trans
4676,systemic
4677,leaf
4678,mad
4679,swansea
4680,barbecue
4681,glue
4682,refusal
4683,diligence
4684,cough
4685,aonb
4686,limestone
4687,visibility
4688,eviction
4689,yeah
4690,withdrawal
4691,worthy
4692,dragon
4693,yield
4694,exception
4695,attacker
4696,tail
4697,scope
4698,kerb
4699,cautious
4700,unlawfully
4701,heartfelt
4702,vitally
4703,speaker
4704,candle
4705,gratitude
4706,bubble
4707,dealing
4708,fixture
4709,disclosure
4710,hostel
4711,presentation
4712,soak
4713,damn
4714,objector
4715,deprived
4716,stuck
4717,neonatal
4718,distract
4719,ordnance
4720,firmly
4721,trick
4722,leap
4723,forestry
4724,infectious
4725,basketball
4726,cleaner
4727,cutting
4728,shipment
4729,radical
4730,erupt
4731,stagger
4732,prescribed
4733,misogynistic
4734,mock
4735,institutional
4736,taser
4737,proportionate
4738,donated
4739,reservist
4740,inherit
4741,unexpectedly
4742,undergraduate
4743,confused
4744,built
4745,inevitably
4746,motorsport
4747,pizza
4748,discourage
4749,fatigue
4750,flavour
4751,publicity
4752,flypast
4753,ladder
4754,imminent
4755,guardian
4756,retreat
4757,inspectorate
4758,lost
4759,confess
4760,abstain
4761,hellobbclondon
4762,pharmacology
4763,refine
4764,unqualified
4765,freely
4766,abutment
4767,pugh
4768,fingerprint
4769,norwich
4770,merger
4771,endeavour
4772,icon
4773,sophisticated
4774,walkway
4775,outdoors
4776,grim
4777,chick
4778,hoist
4779,wit
4780,gunshot
4781,appetite
4782,aerial
4783,royalty
4784,negatively
4785,decease
4786,fortune
4787,cluster
4788,warming
4789,op
4790,accuracy
4791,rout
4792,downpour
4793,warmth
4794,sincerely
4795,century
4796,utilise
4797,upside
4798,graphic
4799,prominent
4800,boxer
4801,edinburgh
4802,monarchy
4803,custodial
4804,sanitary
4805,canoe
4806,reclaim
4807,epic
4808,schizophrenia
4809,graze
4810,alteration
4811,miracle
4812,wealth
4813,alter
4814,blessing
4815,scrutinise
4816,robot
4817,suicidal
4818,rib
4819,pram
4820,dirty
4821,overview
4822,interchange
4823,visiting
4824,mature
4825,circuit
4826,outpatient
4827,confirmation
4828,attorney
4829,p
4830,wow
4831,speeding
4832,fundamentally
4833,stark
4834,registration
4835,layer
4836,stalking
4837,attribute
4838,dirt
4839,advertising
4840,homework
4841,seller
4842,finalise
4843,relies
4844,gradual
4845,harass
4846,powder
4847,determined
4848,shrewsbury
4849,supported
4850,sath
4851,inaccessible
4852,unnamed
4853,crutch
4854,precautionary
4855,resuscitate
4856,unlicensed
4857,uninsured
4858,swallow
4859,sleeve
4860,inflationary
4861,sunday
4862,thrilled
4863,tutor
4864,surrounding
4865,vibe
4866,stereotype
4867,marten
4868,ray
4869,performing
4870,delayed
4871,staircase
4872,midwifery
4873,cotton
4874,dismay
4875,culling
4876,eldest
4877,inhumane
4878,cypher
4879,wartime
4880,moisture
4881,avon
4882,ion
4883,ignite
4884,rack
4885,stammer
4886,misconception
4887,curve
4888,clothe
4889,reveller
4890,plaid
4891,shortcoming
4892,speedway
4893,deck
4894,pathogenic
4895,cuckoo
4896,clip
4897,outrage
4898,passage
4899,scout
4900,paid
4901,receipt
4902,rotherham
4903,modify
4904,lip
4905,commemoration
4906,fortunately
4907,decay
4908,thin
4909,competent
4910,forge
4911,racecourse
4912,profitable
4913,tender
4914,v
4915,cave
4916,luckily
4917,caught
4918,tidal
4919,wisely
4920,prohibit
4921,pleasant
4922,vicar
4923,perception
4924,sculptor
4925,devastated
4926,parked
4927,aftermath
4928,execute
4929,expression
4930,torn
4931,hearse
4932,sewerage
4933,upstream
4934,contributor
4935,satisfaction
4936,loose
4937,distressing
4938,owl
4939,roofing
4940,sub
4941,embark
4942,relay
4943,fade
4944,emotionally
4945,landscaping
4946,rescuer
4947,whoever
4948,crawl
4949,ecology
4950,enemy
4951,waterfront
4952,teammate
4953,twist
4954,servant
4955,remembers
4956,anonymously
4957,fragile
4958,hillside
4959,loyalty
4960,advisory
4961,vocal
4962,dining
4963,happening
4964,choke
4965,paranoid
4966,reporter
4967,narrowly
4968,verbal
4969,mixture
4970,levy
4971,operative
4972,failed
4973,turkey
4974,fractured
4975,oncoming
4976,debut
4977,liability
4978,bolt
4979,floodlight
4980,dividend
4981,regain
4982,respective
4983,frustrated
4984,continuity
4985,worship
4986,hog
4987,heath
4988,detach
4989,puzzle
4990,charging
4991,sunshine
4992,added
4993,entrant
4994,wanderer
4995,finder
4996,diver
4997,dependant
4998,duchess
4999,mod
5000,diocese
5001,commute
5002,abortion
5003,unpredictable
5004,exclusion
5005,straw
5006,tattoo
5007,contrary
5008,similarly
5009,reader
5010,vaping
5011,harbour
5012,discipline
5013,touching
5014,held
5015,rogue
5016,sticker
5017,unwanted
5018,mechanical
5019,toe
5020,envelope
5021,devizes
5022,bounce
5023,interruption
5024,urine
5025,boxing
5026,holt
5027,noisy
5028,locker
5029,desk
5030,starting
5031,chairwoman
5032,hen
5033,formula
5034,ivory
5035,banbury
5036,abstraction
5037,evaluation
5038,aldous
5039,existence
5040,revoke
5041,decarbonisation
5042,input
5043,ellie
5044,hometown
5045,restart
5046,reassess
5047,asbestos
5048,initiate
5049,collaborative
5050,unpleasant
5051,column
5052,imagination
5053,predator
5054,trespass
5055,protocol
5056,tangible
5057,staffed
5058,marker
5059,threshold
5060,slight
5061,utter
5062,formation
5063,precisely
5064,gutted
5065,index
5066,abode
5067,affection
5068,lump
5069,ram
5070,unmarked
5071,escalation
5072,admire
5073,soap
5074,proclaim
5075,cooker
5076,lamp
5077,slash
5078,proactively
5079,bathroom
5080,audio
5081,grit
5082,stupid
5083,dearly
5084,unanimous
5085,overdue
5086,sponsorship
5087,claimant
5088,cord
5089,curious
5090,gruelling
5091,humanity
5092,na
5093,recycled
5094,rectify
5095,unauthorised
5096,tale
5097,lawful
5098,subtle
5099,undergone
5100,churchyard
5101,snowfall
5102,disastrous
5103,copper
5104,adorn
5105,droppings
5106,precept
5107,leather
5108,endless
5109,adjustment
5110,clot
5111,ugly
5112,repurposed
5113,fever
5114,beacon
5115,vapes
5116,limbo
5117,moral
5118,momentous
5119,longstanding
5120,driven
5121,grocery
5122,heather
5123,ltd
5124,mail
5125,participation
5126,slurry
5127,tributary
5128,wed
5129,obscure
5130,wmas
5131,concerning
5132,midst
5133,electorate
5134,polling
5135,landfill
5136,contamination
5137,brink
5138,artificial
5139,sexuality
5140,supplement
5141,stud
5142,therapeutic
5143,refresh
5144,mare
5145,drill
5146,razzell
5147,comfortably
5148,barge
5149,clement
5150,experimental
5151,hack
5152,calming
5153,stupefy
5154,lavaki
5155,ghvdc
5156,synchrotron
5157,arguably
5158,birdkeepers
5159,rewilding
5160,williams
5161,informal
5162,miner
5163,underwent
5164,cladding
5165,premier
5166,songwriter
5167,included
5168,flagship
5169,spate
5170,lover
5171,toast
5172,vicinity
5173,frankly
5174,timeframe
5175,predatory
5176,wastewater
5177,reflective
5178,categorise
5179,rarely
5180,horror
5181,roller
5182,billion
5183,obesity
5184,deterrent
5185,occupation
5186,clever
5187,criminality
5188,motive
5189,grown
5190,adventurer
5191,stately
5192,invitation
5193,scheduled
5194,textile
5195,weird
5196,alleviate
5197,hallway
5198,preservation
5199,bruise
5200,prone
5201,transformative
5202,unaffordable
5203,compassionate
5204,antique
5205,dear
5206,dreadful
5207,collapsed
5208,cardboard
5209,download
5210,willow
5211,administrator
5212,unanswered
5213,program
5214,easter
5215,seafront
5216,disadvantaged
5217,technically
5218,stranded
5219,mild
5220,persist
5221,terror
5222,poet
5223,literature
5224,administrative
5225,convenience
5226,rename
5227,floodwater
5228,straddle
5229,confrontation
5230,commonly
5231,overload
5232,corruption
5233,fork
5234,basement
5235,volatile
5236,undoubtedly
5237,towpath
5238,democratic
5239,authentic
5240,rising
5241,interfere
5242,incurable
5243,dial
5244,physiotherapist
5245,convey
5246,euthanised
5247,damning
5248,layby
5249,brooch
5250,scarf
5251,lifesaving
5252,unlimited
5253,cohort
5254,fighting
5255,portion
5256,treadmill
5257,dissolve
5258,facial
5259,haunt
5260,adversely
5261,particle
5262,penicillin
5263,resist
5264,gut
5265,manure
5266,businessman
5267,salute
5268,indication
5269,magical
5270,approximately
5271,glow
5272,defer
5273,graveyard
5274,rd
5275,balanced
5276,solstice
5277,spiking
5278,briefing
5279,division
5280,icb
5281,durable
5282,tidy
5283,limiting
5284,composer
5285,disposable
5286,beef
5287,incinerator
5288,portray
5289,successor
5290,invasive
5291,friday
5292,bend
5293,plank
5294,boil
5295,shallow
5296,broaden
5297,phosphate
5298,inshore
5299,discontinue
5300,hallam
5301,reed
5302,serviceman
5303,invade
5304,bare
5305,sexist
5306,magnitude
5307,obstruct
5308,devolution
5309,peat
5310,mindless
5311,diarrhoea
5312,vandal
5313,preference
5314,cheque
5315,paedophile
5316,beg
5317,unreliable
5318,threatened
5319,dynamic
5320,unfortunate
5321,vicious
5322,hose
5323,bucket
5324,seemingly
5325,complexity
5326,mop
5327,collate
5328,negligence
5329,manageable
5330,enrol
5331,traumatise
5332,impressed
5333,stunt
5334,sheriff
5335,tissue
5336,radar
5337,chapter
5338,franchise
5339,fired
5340,halve
5341,dare
5342,creativity
5343,picnic
5344,engulf
5345,confirmed
5346,timeline
5347,fold
5348,decarbonise
5349,addict
5350,appreciation
5351,cfrs
5352,diminish
5353,uninjured
5354,riding
5355,reintroduction
5356,constraint
5357,machete
5358,ofsted
5359,steady
5360,illustrate
5361,winning
5362,pd
5363,flip
5364,whitehall
5365,dramatically
5366,grandparent
5367,overtime
5368,estimated
5369,influential
5370,seventh
5371,verify
5372,allergy
5373,drawer
5374,concurrently
5375,devastation
5376,parental
5377,scholarship
5378,tailor
5379,format
5380,parallel
5381,windy
5382,unstable
5383,purport
5384,married
5385,clinically
5386,drawn
5387,antibody
5388,swear
5389,ripple
5390,kept
5391,knot
5392,quilt
5393,chunk
5394,continuously
5395,interpretation
5396,eyesight
5397,warmer
5398,fishery
5399,oral
5400,professionalism
5401,variant
5402,outbuilding
5403,shave
5404,productive
5405,fantasy
5406,romantic
5407,lean
5408,packaging
5409,reside
5410,listening
5411,consolidate
5412,priest
5413,callouts
5414,recoup
5415,reasonably
5416,recreate
5417,colony
5418,vaccinate
5419,okay
5420,gridlocked
5421,slide
5422,revisit
5423,thunder
5424,thermal
5425,jealous
5426,fusion
5427,foreseeable
5428,mead
5429,marked
5430,foodbank
5431,distribution
5432,floodplain
5433,spy
5434,zoe
5435,carcass
5436,confine
5437,hiv
5438,definition
5439,seamstress
5440,incorrect
5441,assert
5442,essay
5443,radiologist
5444,buzzard
5445,reef
5446,tradesman
5447,throttle
5448,irimia
5449,cremation
5450,boatyard
5451,density
5452,cryptocurrency
5453,cpca
5454,elm
5455,deben
5456,weave
5457,drastically
5458,wreath
5459,plummet
5460,sympathetic
5461,neurone
5462,applause
5463,commentator
5464,salmonella
5465,viewing
5466,inappropriately
5467,picking
5468,swelling
5469,injunction
5470,endangered
5471,wishers
5472,recount
5473,delivers
5474,calculate
5475,nine
5476,unity
5477,urged
5478,en
5479,plume
5480,aquifer
5481,laid
5482,deceased
5483,tempt
5484,terrain
5485,stray
5486,onboard
5487,hearted
5488,rewarding
5489,coordinate
5490,devotion
5491,magnificent
5492,poisoning
5493,chill
5494,behavioural
5495,brickwork
5496,unsettling
5497,thick
5498,bubbly
5499,symbolic
5500,fc
5501,occasionally
5502,collectively
5503,famously
5504,stringent
5505,unavoidable
5506,honorary
5507,slate
5508,vent
5509,signpost
5510,spectrum
5511,abandonment
5512,reported
5513,rubble
5514,clue
5515,surgical
5516,denial
5517,derogatory
5518,hurdle
5519,pa
5520,oath
5521,hiding
5522,fuss
5523,hgvs
5524,stationary
5525,shatter
5526,adequately
5527,passer
5528,bullet
5529,antisocial
5530,firearms
5531,postcode
5532,riverbank
5533,concentration
5534,soup
5535,disconnect
5536,ling
5537,dysfunctional
5538,ninth
5539,bass
5540,guitarist
5541,dangerously
5542,epileptic
5543,irresponsible
5544,destructive
5545,tomato
5546,premium
5547,householder
5548,static
5549,tic
5550,fairer
5551,bedfordshire
5552,peacefully
5553,whitchurch
5554,ev
5555,led
5556,patten
5557,disproportionate
5558,lifeblood
5559,lt
5560,snowy
5561,orphan
5562,recollection
5563,upkeep
5564,pave
5565,surpass
5566,beginner
5567,empathy
5568,defender
5569,versus
5570,grower
5571,sicken
5572,feeding
5573,kennel
5574,eyewitness
5575,letting
5576,brutal
5577,impairment
5578,eyesore
5579,kayak
5580,optic
5581,treasurer
5582,corporation
5583,automated
5584,chemistry
5585,inconvenient
5586,coracle
5587,fiesta
5588,marquee
5589,floorboard
5590,congregation
5591,elevate
5592,convent
5593,incur
5594,causeway
5595,christ
5596,suffers
5597,confidentiality
5598,restraint
5599,airman
5600,redesign
5601,guided
5602,barley
5603,swasft
5604,probability
5605,puppet
5606,curlew
5607,cuddle
5608,ashore
5609,equestrian
5610,hacker
5611,divorce
5612,hepatitis
5613,torch
5614,daunt
5615,chariot
5616,bottleneck
5617,pyramid
5618,clarify
5619,punish
5620,cheat
5621,tuna
5622,infringe
5623,electrician
5624,plasterer
5625,ofrs
5626,milepost
5627,dated
5628,wheddon
5629,snake
5630,onwards
5631,troubled
5632,tenure
5633,bikers
5634,brigade
5635,unjustified
5636,barely
5637,slogan
5638,facing
5639,gene
5640,bog
5641,unused
5642,borrowing
5643,vendor
5644,portal
5645,prosperity
5646,poignant
5647,symca
5648,pharmaceutical
5649,heartbeat
5650,mistakenly
5651,progressive
5652,revert
5653,intact
5654,backdrop
5655,avenue
5656,accolade
5657,problematic
5658,transportation
5659,feather
5660,recorded
5661,outreach
5662,overweight
5663,pray
5664,themed
5665,waist
5666,aggregate
5667,weekly
5668,manifesto
5669,refuel
5670,ageing
5671,ran
5672,mitigating
5673,brush
5674,despair
5675,despicable
5676,condone
5677,misleading
5678,holidaymaker
5679,integrated
5680,authorise
5681,grenade
5682,exotic
5683,disregard
5684,cadet
5685,deadly
5686,tricky
5687,peanut
5688,needed
5689,territory
5690,surely
5691,deprive
5692,madness
5693,debit
5694,aerospace
5695,fountain
5696,patio
5697,unduly
5698,lenient
5699,bearing
5700,evict
5701,glimpse
5702,cooperation
5703,viewer
5704,bizarre
5705,shotgun
5706,relocation
5707,intentionally
5708,valve
5709,rehouse
5710,unprovoked
5711,bladder
5712,lessen
5713,devoted
5714,ascertain
5715,endorse
5716,miniature
5717,gull
5718,pistol
5719,physiotherapy
5720,abstention
5721,denies
5722,k
5723,artistic
5724,misery
5725,mechanic
5726,annoy
5727,abdominal
5728,comeback
5729,categorically
5730,flush
5731,poo
5732,spoon
5733,underfunded
5734,interpreter
5735,penetration
5736,honoured
5737,lawn
5738,grandad
5739,scramble
5740,affinity
5741,hospitalise
5742,marvellous
5743,backwards
5744,rapper
5745,dampen
5746,orthopaedic
5747,ellesmere
5748,regime
5749,surfer
5750,mysterious
5751,underfunding
5752,snatch
5753,banana
5754,barrack
5755,obsession
5756,norm
5757,articulate
5758,shy
5759,memorable
5760,showcasing
5761,rumour
5762,davy
5763,poppy
5764,outpouring
5765,astound
5766,downturn
5767,baroness
5768,rotten
5769,catapult
5770,villa
5771,tokyo
5772,disadvantage
5773,distancing
5774,weekday
5775,shared
5776,blister
5777,fungi
5778,ample
5779,meningitis
5780,stillbirth
5781,ironbridge
5782,outlook
5783,darling
5784,pardoe
5785,jurisdiction
5786,leaky
5787,conjunction
5788,distraction
5789,flurry
5790,badminton
5791,resistance
5792,voyage
5793,kharkiv
5794,regatta
5795,tide
5796,discriminate
5797,blower
5798,pianist
5799,culmination
5800,whenever
5801,procure
5802,optometrist
5803,visibly
5804,sometime
5805,jab
5806,swab
5807,cycleway
5808,blueprint
5809,basket
5810,hq
5811,triathlon
5812,reel
5813,chaplain
5814,substandard
5815,hence
5816,spawn
5817,pinch
5818,genetics
5819,cherish
5820,haircut
5821,dive
5822,forester
5823,bicester
5824,revamped
5825,charger
5826,fur
5827,paddleboarders
5828,landslide
5829,easterly
5830,axle
5831,seabed
5832,foal
5833,dis
5834,cleaver
5835,imprison
5836,lunar
5837,hourly
5838,calculator
5839,sentiment
5840,spectacle
5841,redirect
5842,reimburse
5843,infirmary
5844,shipping
5845,pod
5846,pollutant
5847,degrade
5848,unusable
5849,thanksgiving
5850,dish
5851,illuminate
5852,breakthrough
5853,distinct
5854,uncontrolled
5855,whereabouts
5856,unturned
5857,unveiling
5858,convenient
5859,drift
5860,conductor
5861,lounge
5862,bull
5863,latter
5864,aggression
5865,testimony
5866,depressed
5867,older
5868,esteem
5869,dna
5870,accountable
5871,arrested
5872,transpire
5873,signatory
5874,aa
5875,bakery
5876,forthcoming
5877,pulp
5878,wire
5879,fencing
5880,graf
5881,overgrown
5882,focal
5883,dwelling
5884,renewal
5885,needless
5886,transatlantic
5887,sake
5888,enlist
5889,unhealthy
5890,congratulate
5891,navigation
5892,bark
5893,procurement
5894,hesitate
5895,allocation
5896,underlying
5897,socially
5898,psychotic
5899,pepper
5900,kitten
5901,chimney
5902,morrison
5903,gem
5904,integral
5905,ethos
5906,thread
5907,jewel
5908,sic
5909,nonsense
5910,bow
5911,motorhomes
5912,campervans
5913,cheeky
5914,psychosis
5915,envisage
5916,lived
5917,rifle
5918,liable
5919,bombing
5920,hormone
5921,roughly
5922,leasehold
5923,withhold
5924,psychiatrist
5925,snapchat
5926,emphasise
5927,vodka
5928,stint
5929,irrigation
5930,tuition
5931,complicate
5932,lyric
5933,trademark
5934,ankle
5935,masterplan
5936,preparatory
5937,dressing
5938,pork
5939,nominee
5940,airbase
5941,accurately
5942,injustice
5943,dinosaur
5944,soundtrack
5945,hungry
5946,treble
5947,circular
5948,polymer
5949,bunny
5950,grasp
5951,pad
5952,biomass
5953,suck
5954,hardly
5955,complacent
5956,sat
5957,extraordinarily
5958,undisclosed
5959,worm
5960,encouragement
5961,catheter
5962,saint
5963,glide
5964,cognitive
5965,tracker
5966,lively
5967,evil
5968,cheshire
5969,handbag
5970,enjoyable
5971,slap
5972,bursary
5973,philosophy
5974,scaffolding
5975,erode
5976,bridging
5977,vanish
5978,portable
5979,listing
5980,prestigious
5981,grading
5982,influx
5983,cox
5984,zebra
5985,retrieve
5986,nun
5987,leukaemia
5988,outstrip
5989,instant
5990,cart
5991,classmate
5992,aspire
5993,ghb
5994,achievable
5995,piano
5996,potter
5997,coming
5998,essence
5999,engrave
6000,umbrella
6001,needing
6002,yacht
6003,accordingly
6004,cripple
6005,binary
6006,clown
6007,sue
6008,renegotiate
6009,hashtags
6010,expected
6011,widower
6012,exhausted
6013,panda
6014,domain
6015,impersonate
6016,vest
6017,extinguisher
6018,baseball
6019,bame
6020,crater
6021,organic
6022,faeces
6023,tandem
6024,trawl
6025,bias
6026,flour
6027,burnt
6028,porridge
6029,jade
6030,aerobatics
6031,scholar
6032,clearer
6033,waitrose
6034,rhino
6035,chiltern
6036,hvo
6037,teem
6038,unforgettable
6039,splash
6040,landlady
6041,harwich
6042,gum
6043,reinforcement
6044,specification
6045,quay
6046,godwit
6047,relaxation
6048,scammer
6049,dishonest
6050,shorten
6051,equinox
6052,northeastandcumbria
6053,wholeheartedly
6054,iopc
6055,grooming
6056,willingness
6057,spider
6058,align
6059,sexism
6060,midlands
6061,vague
6062,measurement
6063,extraction
6064,nappy
6065,regrettable
6066,managing
6067,commonwealth
6068,sepsis
6069,tailored
6070,raft
6071,melt
6072,sunak
6073,kiln
6074,grows
6075,archbishop
6076,platinum
6077,jubilee
6078,abscond
6079,heroic
6080,electoral
6081,colder
6082,lit
6083,caa
6084,derbyshire
6085,craftsman
6086,evident
6087,recommended
6088,pe
6089,hoax
6090,privatisation
6091,reconnected
6092,mutual
6093,abnormality
6094,heatwaves
6095,institute
6096,lincolnshire
6097,restraining
6098,alien
6099,repeated
6100,cheek
6101,offs
6102,visually
6103,impaired
6104,relaxed
6105,indie
6106,investigative
6107,thumb
6108,mourner
6109,royalist
6110,oasis
6111,preventable
6112,spa
6113,cylinder
6114,kilometre
6115,speculate
6116,reckless
6117,apprehend
6118,architectural
6119,assemble
6120,trusted
6121,misunderstood
6122,plantation
6123,underage
6124,unreservedly
6125,heightened
6126,affordability
6127,sussex
6128,somewhat
6129,cheetah
6130,sandy
6131,transmit
6132,criminalise
6133,parkland
6134,fraudsters
6135,serial
6136,bulb
6137,tired
6138,instigate
6139,fairness
6140,disproportionately
6141,burning
6142,fought
6143,hunger
6144,excel
6145,afloat
6146,angler
6147,karaoke
6148,manor
6149,treacherous
6150,sprint
6151,campervan
6152,noticeable
6153,relating
6154,videolink
6155,honours
6156,shook
6157,swell
6158,accumulation
6159,diagnostic
6160,resurfacing
6161,gregory
6162,entertainer
6163,reconstruction
6164,bunch
6165,revised
6166,improving
6167,hereford
6168,continual
6169,origin
6170,rub
6171,terrific
6172,surname
6173,prolific
6174,cartridge
6175,circulation
6176,chop
6177,reputational
6178,drastic
6179,profoundly
6180,practically
6181,moving
6182,lyme
6183,dvsa
6184,ludlow
6185,darkness
6186,chorus
6187,equate
6188,wholesaler
6189,till
6190,delicate
6191,inflatable
6192,spook
6193,barber
6194,angel
6195,rehomed
6196,colonel
6197,le
6198,decommission
6199,certification
6200,apps
6201,porter
6202,nematode
6203,assign
6204,cube
6205,juke
6206,dilapidated
6207,bean
6208,worthless
6209,perfume
6210,equine
6211,monster
6212,rejection
6213,troupe
6214,precedent
6215,used
6216,hunter
6217,amir
6218,battlefield
6219,lifeless
6220,viral
6221,alumnus
6222,forgotten
6223,kerbside
6224,parlour
6225,affiliate
6226,toothbrush
6227,camping
6228,dissatisfaction
6229,hostage
6230,masseur
6231,iphone
6232,upgraded
6233,antenatal
6234,automate
6235,gauge
6236,novelist
6237,ceramic
6238,telecommunication
6239,entirety
6240,better
6241,thrombectomy
6242,resettlement
6243,naturalist
6244,evolution
6245,simulation
6246,nissan
6247,courtesy
6248,expedition
6249,societal
6250,stupidity
6251,silk
6252,reconnaissance
6253,miah
6254,admits
6255,spearhead
6256,boring
6257,frog
6258,accredit
6259,restructuring
6260,susceptible
6261,wireless
6262,pumpkin
6263,towel
6264,oz
6265,tract
6266,golfer
6267,occupational
6268,hydro
6269,graffiti
6270,notorious
6271,tearful
6272,dislike
6273,adolescent
6274,lens
6275,asphalt
6276,nasty
6277,missile
6278,diabolical
6279,spiritual
6280,barbeque
6281,arduous
6282,myth
6283,isle
6284,arrears
6285,broadly
6286,violin
6287,boater
6288,fiercely
6289,lace
6290,ethnicity
6291,expenditure
6292,faculty
6293,vegan
6294,fungus
6295,liken
6296,freeport
6297,composition
6298,entitlement
6299,flora
6300,divine
6301,wrestle
6302,lgo
6303,hick
6304,newmarket
6305,aphrodisiac
6306,chairperson
6307,extradition
6308,eventing
6309,computational
6310,swamp
6311,radius
6312,decisive
6313,sexualise
6314,federation
6315,whiting
6316,endemic
6317,affectionate
6318,henley
6319,pow
6320,pedalos
6321,tvp
6322,iqbal
6323,solace
6324,boating
6325,voltage
6326,mrna
6327,accountancy
6328,saree
6329,irrigate
6330,deficiency
6331,waveney
6332,flockdown
6333,fm
6334,sinfonia
6335,ecologist
6336,filler
6337,converter
6338,expletive
6339,ghost
6340,flagpole
6341,inaugural
6342,clearance
6343,existent
6344,ally
6345,imperative
6346,laying
6347,homophobia
6348,convention
6349,devil
6350,disbelief
6351,barrel
6352,coloured
6353,refute
6354,surviving
6355,predecessor
6356,upgrading
6357,pale
6358,fog
6359,rolling
6360,smarter
6361,humiliate
6362,falsely
6363,shell
6364,blend
6365,fitting
6366,rented
6367,materialise
6368,functioning
6369,millie
6370,paddling
6371,canine
6372,declaration
6373,motif
6374,pumping
6375,sandbag
6376,balmoral
6377,breadth
6378,sufficiently
6379,miscarriage
6380,depress
6381,cultivation
6382,amended
6383,charter
6384,polar
6385,laughter
6386,quo
6387,tactic
6388,lighthouse
6389,motorhome
6390,distinguished
6391,thursday
6392,plaster
6393,rotate
6394,enrich
6395,grace
6396,fictional
6397,anthem
6398,illustrator
6399,cloth
6400,slope
6401,furthermore
6402,sensor
6403,trafficking
6404,baffle
6405,ensue
6406,fearful
6407,interrupt
6408,presume
6409,buck
6410,toward
6411,untold
6412,harsh
6413,annoyed
6414,varied
6415,weaken
6416,consistency
6417,compose
6418,bolster
6419,daylight
6420,horizon
6421,affray
6422,lend
6423,agreed
6424,burglar
6425,torture
6426,trek
6427,unrivalled
6428,inscription
6429,rag
6430,fondness
6431,crimestoppers
6432,revival
6433,reaffirm
6434,disparity
6435,default
6436,undergoing
6437,extremist
6438,glorify
6439,substantially
6440,insp
6441,diminished
6442,intruder
6443,decade
6444,ewe
6445,humanely
6446,trunk
6447,canopy
6448,lawfully
6449,grape
6450,idiot
6451,grievance
6452,vape
6453,lethal
6454,knowing
6455,precise
6456,insecure
6457,purse
6458,contaminated
6459,bumper
6460,upright
6461,fiction
6462,liquid
6463,disband
6464,cocktail
6465,converted
6466,filmmaker
6467,cage
6468,assembly
6469,alright
6470,politically
6471,malicious
6472,localised
6473,remission
6474,hoglets
6475,syringe
6476,pollinator
6477,skyrocket
6478,specify
6479,unharmed
6480,spur
6481,hey
6482,inexperienced
6483,erase
6484,token
6485,literacy
6486,farmhouse
6487,jeopardy
6488,firefighting
6489,darker
6490,unexploded
6491,collar
6492,defensive
6493,conscientious
6494,mainland
6495,proven
6496,rarity
6497,merchant
6498,abdomen
6499,homicide
6500,becky
6501,snuggle
6502,gp
6503,recession
6504,misogyny
6505,fluctuate
6506,ski
6507,wm
6508,onsite
6509,preside
6510,forty
6511,contraception
6512,sleeved
6513,councils
6514,vertebra
6515,prototype
6516,incomplete
6517,optimism
6518,vibration
6519,mooring
6520,protestors
6521,progression
6522,actress
6523,discard
6524,rota
6525,axed
6526,camaraderie
6527,rightful
6528,windscreen
6529,broker
6530,tow
6531,micro
6532,trilogy
6533,separation
6534,sunrise
6535,aggravating
6536,terminally
6537,ethic
6538,disqualification
6539,journal
6540,sausage
6541,upfront
6542,decisively
6543,publisher
6544,selling
6545,ass
6546,bridgend
6547,prejudice
6548,alley
6549,mentoring
6550,readily
6551,needle
6552,wise
6553,etc
6554,predicted
6555,conservator
6556,affluent
6557,freshwater
6558,influencer
6559,integration
6560,higher
6561,alternate
6562,photographic
6563,nitrate
6564,speculation
6565,marshal
6566,extensively
6567,cubicle
6568,definitive
6569,leaver
6570,hamlet
6571,prosthetics
6572,ley
6573,mv
6574,ethical
6575,remarkably
6576,scrabble
6577,marina
6578,guinea
6579,bbcsouthnews
6580,fauna
6581,congested
6582,leaking
6583,hiatus
6584,reconnecting
6585,warship
6586,sandcastle
6587,immunisation
6588,keyboard
6589,juggle
6590,evacuee
6591,stalker
6592,roam
6593,pill
6594,mi
6595,deemed
6596,successive
6597,banksy
6598,southend
6599,aipz
6600,contagious
6601,steadily
6602,lucas
6603,suffragette
6604,hertfordshire
6605,cabling
6606,ouse
6607,catalytic
6608,ultra
6609,sits
6610,brighter
6611,jumper
6612,deduct
6613,xhika
6614,ineffective
6615,stovewood
6616,harmless
6617,anytime
6618,batter
6619,northwest
6620,rivalry
6621,exemplary
6622,eager
6623,creditor
6624,emit
6625,crust
6626,york
6627,contrast
6628,coward
6629,inception
6630,roost
6631,judgment
6632,hsib
6633,spice
6634,controller
6635,terraced
6636,racegoers
6637,plunge
6638,profitability
6639,magazine
6640,hydrate
6641,standby
6642,sceptical
6643,growing
6644,ukrainian
6645,meteorological
6646,inject
6647,ofwat
6648,strangulation
6649,bruising
6650,biscuit
6651,tone
6652,pivotal
6653,tooth
6654,merge
6655,unforeseen
6656,catalyst
6657,concede
6658,harrow
6659,gratification
6660,trapped
6661,nonetheless
6662,enthusiastic
6663,proposition
6664,disrespectful
6665,changer
6666,gush
6667,packed
6668,proudly
6669,peacock
6670,coerce
6671,superintendent
6672,irrational
6673,stinger
6674,campsite
6675,bramble
6676,retrospective
6677,prominence
6678,identifiable
6679,culminate
6680,tribal
6681,preventative
6682,obese
6683,terrifying
6684,concessionary
6685,benchmark
6686,mansion
6687,inclusivity
6688,linger
6689,pigeon
6690,shrink
6691,embarrass
6692,oblige
6693,legs
6694,bleak
6695,script
6696,happens
6697,resonate
6698,dependency
6699,quadruple
6700,illustrated
6701,ransack
6702,cellar
6703,burgle
6704,companionship
6705,compost
6706,reset
6707,monkey
6708,begging
6709,laser
6710,beard
6711,grind
6712,occupier
6713,rearrange
6714,consciousness
6715,stopping
6716,cheltenham
6717,exploration
6718,additionally
6719,propaganda
6720,segregation
6721,foam
6722,pr
6723,shortcut
6724,bogus
6725,intoxicate
6726,bet
6727,pear
6728,socket
6729,resemble
6730,deliberation
6731,plight
6732,prohibition
6733,leaseholder
6734,bidding
6735,pragmatic
6736,needs
6737,foul
6738,garment
6739,whistleblower
6740,satisfactory
6741,incorrectly
6742,renal
6743,safari
6744,bride
6745,fianc
6746,decoration
6747,bridal
6748,rehabilitate
6749,subsidised
6750,spillage
6751,similarity
6752,siren
6753,lily
6754,admiration
6755,snowflake
6756,rapist
6757,bandage
6758,effluent
6759,netball
6760,triage
6761,sow
6762,reviewer
6763,shifnal
6764,retriever
6765,ukraine
6766,spar
6767,sunlight
6768,rollercoaster
6769,radiator
6770,distant
6771,cautiously
6772,onset
6773,commentary
6774,genre
6775,attic
6776,numb
6777,mob
6778,glance
6779,healing
6780,comb
6781,automation
6782,myla
6783,glade
6784,recognised
6785,nevertheless
6786,ercall
6787,eater
6788,anorexia
6789,hydrotherapy
6790,audition
6791,fenerbah
6792,tasering
6793,geological
6794,windmill
6795,armour
6796,amnesty
6797,spreading
6798,sahota
6799,imaginative
6800,racer
6801,sham
6802,breeder
6803,unitary
6804,nowadays
6805,rogers
6806,evie
6807,economist
6808,irregular
6809,rudder
6810,epicentre
6811,skating
6812,brew
6813,chemist
6814,emphasis
6815,corrupt
6816,custodian
6817,stride
6818,complicated
6819,biology
6820,weaknesses
6821,elbow
6822,downhill
6823,nausea
6824,outing
6825,bricklayer
6826,sara
6827,beet
6828,poetry
6829,daub
6830,accelerated
6831,bittersweet
6832,blackberry
6833,booster
6834,crier
6835,swoop
6836,receiver
6837,haulage
6838,astonish
6839,pembrokeshire
6840,bookshop
6841,render
6842,scientifically
6843,roast
6844,geographical
6845,meme
6846,curb
6847,classical
6848,stood
6849,mere
6850,reinvested
6851,dinghy
6852,vivid
6853,spreadsheet
6854,ballast
6855,entail
6856,suffocate
6857,murderer
6858,analyst
6859,judging
6860,hydraulic
6861,reconcile
6862,puncture
6863,opera
6864,quake
6865,entrust
6866,thrown
6867,basingstoke
6868,unconditional
6869,abort
6870,normality
6871,cutback
6872,lewis
6873,optician
6874,indicator
6875,incumbent
6876,bacterial
6877,plague
6878,feasible
6879,cargo
6880,ambush
6881,getaway
6882,personalised
6883,aphantasia
6884,restored
6885,dehydration
6886,outset
6887,quirky
6888,developed
6889,deployment
6890,fraudster
6891,checking
6892,standardise
6893,thatched
6894,salvage
6895,artillery
6896,ransom
6897,biofuel
6898,generational
6899,motocross
6900,berm
6901,washing
6902,errant
6903,signing
6904,sustainably
6905,algae
6906,alike
6907,treason
6908,scarecrow
6909,inconclusive
6910,cowardly
6911,intercept
6912,universe
6913,dumping
6914,ministerial
6915,deceit
6916,moj
6917,polish
6918,eccentric
6919,glare
6920,philosopher
6921,obsess
6922,manually
6923,autonomous
6924,fireball
6925,lizard
6926,crocodile
6927,heyford
6928,ruler
6929,coincidence
6930,wearing
6931,instalment
6932,technological
6933,racehorse
6934,suppress
6935,destine
6936,roman
6937,trumpeter
6938,cowley
6939,developmental
6940,clutch
6941,cheating
6942,militia
6943,lime
6944,unarmed
6945,pru
6946,watt
6947,psychology
6948,scarcity
6949,tarjanyi
6950,conquer
6951,sizewell
6952,pj
6953,fantail
6954,disallow
6955,hinchingbrooke
6956,gl
